pump_id,coin,entry_ts,entry_price,exit_ts,exit_price,exit_reason,hold_sec,pnl_pct,slippage
363,SD,1779206450.0,263.0,1779206521.0,261.0,시간초과,71,-0.012604562737642586,0.0
365,EDEN,1779213772.0,124.0,1779213794.0,126.0,시간초과,22,0.011129032258064515,0.0
367,PROMPT,1779225048.0,60.67,1779225380.0,60.84,시간초과,332,-0.002197956156255123,0.0
369,PROVE,1779235792.0,345.0,1779235935.0,338.0,시간초과,143,-0.025289855072463768,0.0
370,SD,1779242897.0,251.0,1779242926.0,253.0,시간초과,29,0.0029681274900398404,0.0
374,PONKE,1779254376.0,62.27,1779254425.0,58.44,손절,49,-0.06650634334350418,0.0
380,EDEN,1779304361.0,170.0,1779304760.0,167.0,시간초과,399,-0.022647058823529412,0.0
382,AVL,1779361427.0,52.11,1779361966.0,52.16,시간초과,539,-0.0040404912684705975,0.0
384,YB,1779370339.0,178.0,1779370379.0,180.0,시간초과,40,0.006235955056179775,0.0
387,OXT,1779377148.0,17.35,1779377265.0,17.24,시간초과,117,-0.01134005763688778,0.0
388,AGI,1779378941.0,12.37,1779379051.0,12.2,시간초과,110,-0.018742926434923198,0.0
390,AVL,1779380113.0,57.94,1779380545.0,58.23,시간초과,432,5.1777701069923715e-06,0.0
392,PONKE,1779381726.0,55.94,1779381766.0,58.15,익절,40,0.03450661422953166,0.0
398,BOB,1779437546.0,14.21,1779437586.0,14.33,시간초과,40,0.0034447572132300644,0.0
399,XTER,1779437787.0,27.64,1779437855.0,28.18,시간초과,68,0.014536903039073772,0.0
405,SUNDOG,1779464022.0,11.2,1779464022.0,11.2,시간초과,0,-0.005,0.0
406,SYRUP,1779464392.0,522.0,1779464413.0,422.0,손절,21,-0.19657088122605365,0.0
407,MAY,1779464443.0,9.2,1779465006.0,9.162,시간초과,563,-0.00913043478260853,0.0
408,YFI,1779464503.0,3745000.0,1779465045.0,3690000.0,시간초과,542,-0.019686248331108144,0.0
409,GNO,1779464694.0,179500.0,1779464865.0,174000.0,손절,171,-0.03564066852367688,0.0
410,ALLO,1779464991.0,147.0,1779465435.0,149.0,시간초과,444,0.008605442176870749,0.0
411,SUNDOG,1779465348.0,11.72,1779465519.0,11.77,시간초과,171,-0.0007337883959045279,0.0
414,GMT,1779516257.0,17.77,1779516297.0,16.86,손절,40,-0.05620990433314576,0.0
415,PUFFER,1779522624.0,38.73,1779522676.0,36.65,손절,52,-0.05870513813581199,0.0
420,GRACY,1779547614.0,14.5,1779547915.0,14.48,시간초과,301,-0.006379310344827557,0.0
421,BOB,1779549178.0,13.94,1779549198.0,14.01,시간초과,20,2.1520803443348877e-05,0.0
423,BOB,1779549178.0,13.94,1779549550.0,14.22,시간초과,372,0.015086083213773395,0.0
426,RESOLV,1779550223.0,58.89,1779550304.0,55.82,손절,81,-0.057131091866191204,0.0
427,PEAQ,1779550344.0,47.51,1779550735.0,51.05,익절,391,0.06951062934119132,0.0
428,ID,1779550354.0,47.68,1779550837.0,46.3,손절,483,-0.03394295302013428,0.0
430,GHX,1779551289.0,12.48,1779551680.0,12.62,시간초과,391,0.006217948717948621,0.0
436,GHX,1779590309.0,14.32,1779590389.0,13.91,손절,80,-0.033631284916201126,0.0
437,SWAP,1779591330.0,84.0,1779591661.0,81.29,손절,331,-0.037261904761904684,0.0
438,GHX,1779591862.0,14.73,1779592141.0,14.81,시간초과,279,0.00043109300746775776,0.0
439,STAT,1779593515.0,59.25,1779593545.0,57.98,손절,30,-0.026434599156118198,0.0
442,STAT,1779597861.0,62.31,1779598298.0,63.04,시간초과,437,0.006715615471031886,0.0
443,GHX,1779598774.0,15.18,1779598856.0,15.08,시간초과,82,-0.011587615283267433,0.0
445,GHX,1779600389.0,15.34,1779600401.0,15.24,시간초과,12,-0.011518904823989547,0.0
447,STAT,1779602435.0,70.71,1779602466.0,64.57,손절,31,-0.09183354546740209,0.0
448,STAT,1779604539.0,74.93,1779604740.0,75.59,시간초과,201,0.0038082210062724752,0.0
452,WNCG,1779613982.0,16.07,1779614131.0,15.94,시간초과,149,-0.013089607965152506,0.0
454,SIX,1779635046.0,15.31,1779635076.0,14.72,손절,30,-0.04353690398432396,0.0
455,SIX,1779635065.0,14.85,1779635186.0,14.35,손절,121,-0.03867003367003367,0.0
457,RESOLV,1779634995.0,41.52,1779635015.0,40.0,손절,20,-0.04160886319845864,0.0
458,RESOLV,1779634996.0,41.5,1779635016.0,39.98,손절,20,-0.04162650602409646,0.0
460,RSS3,1779636609.0,14.0,1779637087.0,13.99,시간초과,478,-0.0057142857142856995,0.0
477,C98,1779694485.0,29.88,1779694585.0,29.97,시간초과,100,-0.0019879518072289204,0.0
478,C98,1779694416.0,30.17,1779694591.0,30.18,시간초과,175,-0.004668544912164467,0.0
479,C98,1779694398.0,30.13,1779694589.0,30.25,시간초과,191,-0.0010172585462993365,0.0
363,SD,1779206450.0,264.315,1779206521.0,259.695,시간초과,71,-0.022479144202939692,0.005
365,EDEN,1779213772.0,124.61999999999999,1779213794.0,125.37,시간초과,22,0.001018295618680904,0.005
367,PROMPT,1779225048.0,60.973349999999996,1779225380.0,60.5358,시간초과,332,-0.012176085945745062,0.005
369,PROVE,1779235792.0,346.72499999999997,1779235839.0,336.31,손절,47,-0.035038214723483924,0.005
370,SD,1779242897.0,252.25499999999997,1779242926.0,251.73499999999999,시간초과,29,-0.007061406116826156,0.005
374,PONKE,1779254376.0,62.58134999999999,1779254416.0,59.859199999999994,손절,40,-0.048497783285275875,0.005
380,EDEN,1779304361.0,170.85,1779304712.0,164.175,손절,351,-0.044069359086918246,0.005
382,AVL,1779361427.0,52.370549999999994,1779361966.0,51.89919999999999,시간초과,539,-0.014000287375251951,0.005
384,YB,1779370339.0,178.89,1779370379.0,179.1,시간초과,40,-0.00382609424786177,0.005
387,OXT,1779377148.0,17.43675,1779377265.0,17.153799999999997,시간초과,117,-0.021227221242490896,0.005
388,AGI,1779378941.0,12.431849999999997,1779379051.0,12.139,시간초과,110,-0.028556429654476037,0.005
390,AVL,1779380113.0,58.229699999999994,1779380545.0,57.938849999999995,시간초과,432,-0.009994873749993543,0.005
392,PONKE,1779381726.0,56.21969999999999,1779381766.0,57.859249999999996,익절,40,0.024163264834213046,0.005
398,BOB,1779437546.0,14.281049999999999,1779437586.0,14.25835,시간초과,40,-0.006589518977946202,0.005
399,XTER,1779437787.0,27.7782,1779437855.0,28.0391,시간초과,68,0.004392257237690096,0.005
405,SUNDOG,1779464022.0,11.255999999999998,1779464022.0,11.144,시간초과,0,-0.014950248756218757,0.005
406,SYRUP,1779464392.0,524.6099999999999,1779464413.0,419.89,손절,21,-0.20461495205962513,0.005
407,MAY,1779464443.0,9.245999999999999,1779465006.0,9.116190000000001,시간초과,563,-0.019039584685269017,0.005
408,YFI,1779464503.0,3763724.9999999995,1779465045.0,3671550.0,시간초과,542,-0.029490365263136798,0.005
409,GNO,1779464694.0,180397.49999999997,1779464865.0,173130.0,손절,171,-0.045286035006028194,0.005
410,ALLO,1779464991.0,147.73499999999999,1779465435.0,148.255,시간초과,444,-0.0014801841134463043,0.005
411,SUNDOG,1779465348.0,11.778599999999999,1779465519.0,11.71115,시간초과,171,-0.010726487018830687,0.005
414,GMT,1779516257.0,17.858849999999997,1779516297.0,16.7757,손절,40,-0.06565060180246748,0.005
415,PUFFER,1779522624.0,38.923649999999995,1779522676.0,36.46675,손절,52,-0.06812100740809246,0.005
420,GRACY,1779547614.0,14.572499999999998,1779547915.0,14.4076,시간초과,301,-0.01631583462000327,0.005
421,BOB,1779549178.0,14.009699999999999,1779549198.0,13.93995,시간초과,20,-0.009978693333904302,0.005
423,BOB,1779549178.0,14.009699999999999,1779549550.0,14.148900000000001,시간초과,372,0.004935972933039426,0.005
426,RESOLV,1779550223.0,59.18444999999999,1779550304.0,55.5409,손절,81,-0.06656262329040806,0.005
427,PEAQ,1779550344.0,47.74754999999999,1779550735.0,50.79474999999999,익절,391,0.05881898128804524,0.005
428,ID,1779550354.0,47.91839999999999,1779550444.0,46.1083,손절,90,-0.042774633543690765,0.005
430,GHX,1779551289.0,12.542399999999999,1779551680.0,12.556899999999999,시간초과,391,-0.0038439214185482873,0.005
436,GHX,1779590309.0,14.391599999999999,1779590379.0,13.731,손절,70,-0.050901776036020925,0.005
437,SWAP,1779591330.0,84.41999999999999,1779591661.0,80.88355,손절,331,-0.04689113954039313,0.005
438,GHX,1779591862.0,14.80365,1779592141.0,14.73595,시간초과,279,-0.009573196475193519,0.005
439,STAT,1779593515.0,59.54624999999999,1779593545.0,57.690099999999994,손절,30,-0.03617156831874383,0.005
442,STAT,1779597861.0,62.62155,1779597901.0,60.50595,손절,40,-0.038783897076964724,0.005
443,GHX,1779598774.0,15.255899999999999,1779598856.0,15.0046,시간초과,82,-0.0214723156287075,0.005
445,GHX,1779600389.0,15.416699999999999,1779600401.0,15.1638,시간초과,12,-0.021404288855591574,0.005
447,STAT,1779602435.0,71.06354999999999,1779602466.0,64.24714999999999,손절,31,-0.10091977884583592,0.005
448,STAT,1779604539.0,75.30465,1779604740.0,75.21205,시간초과,201,-0.00622967174005842,0.005
452,WNCG,1779613982.0,16.15035,1779614022.0,15.6414,손절,40,-0.036513248938877405,0.005
454,SIX,1779635046.0,15.38655,1779635076.0,14.6464,손절,30,-0.053103700959604316,0.005
455,SIX,1779635065.0,14.924249999999999,1779635186.0,14.27825,손절,121,-0.04828525721560541,0.005
457,RESOLV,1779634995.0,41.727599999999995,1779635015.0,39.8,손절,20,-0.05119484465917039,0.005
458,RESOLV,1779634996.0,41.707499999999996,1779635016.0,39.7801,손절,20,-0.05121231193430435,0.005
460,RSS3,1779636609.0,14.069999999999999,1779637087.0,13.92005,시간초과,478,-0.015657427149964372,0.005
477,C98,1779694485.0,30.029399999999995,1779694585.0,29.820149999999998,시간초과,100,-0.011968171192231522,0.005
478,C98,1779694416.0,30.32085,1779694591.0,30.0291,시간초과,175,-0.0146220917289588,0.005
479,C98,1779694398.0,30.280649999999994,1779694589.0,30.09875,시간초과,191,-0.011007136570714147,0.005
363,SD,1779206450.0,265.63,1779206521.0,258.39,시간초과,71,-0.03225595753491702,0.01
365,EDEN,1779213772.0,125.24,1779213794.0,124.74,시간초과,22,-0.008992334717342702,0.01
367,PROMPT,1779225048.0,61.276700000000005,1779225099.0,58.8654,손절,51,-0.044351009437518726,0.01
369,PROVE,1779235792.0,348.45,1779235839.0,334.62,손절,47,-0.044690055962117906,0.01
370,SD,1779242897.0,253.51,1779242926.0,250.47,시간초과,29,-0.016991637410752998,0.01
374,PONKE,1779254376.0,62.892700000000005,1779254406.0,59.8851,손절,30,-0.052821130274260816,0.01
380,EDEN,1779304361.0,171.7,1779304700.0,163.35,손절,339,-0.05363133372160742,0.01
382,AVL,1779361427.0,52.631099999999996,1779361966.0,51.6384,시간초과,539,-0.023861471639391906,0.01
384,YB,1779370339.0,179.78,1779370379.0,178.2,시간초과,40,-0.013788519301368408,0.01
387,OXT,1779377148.0,17.523500000000002,1779377265.0,17.0676,시간초과,117,-0.031016492139127643,0.01
388,AGI,1779378941.0,12.493699999999999,1779379041.0,11.9592,손절,100,-0.047781561907201196,0.01
390,AVL,1779380113.0,58.5194,1779380545.0,57.64769999999999,시간초과,432,-0.019895914859004094,0.01
392,PONKE,1779381726.0,56.4994,1779381766.0,57.5685,익절,40,0.013922324838847824,0.01
398,BOB,1779437546.0,14.352100000000002,1779437586.0,14.1867,시간초과,40,-0.016524445899903272,0.01
399,XTER,1779437787.0,27.9164,1779437855.0,27.8982,시간초과,68,-0.005651946526056376,0.01
405,SUNDOG,1779464022.0,11.312,1779464022.0,11.088,시간초과,0,-0.02480198019801982,0.01
406,SYRUP,1779464392.0,527.22,1779464413.0,417.78,손절,21,-0.21257937862751802,0.01
407,MAY,1779464443.0,9.292,1779465006.0,9.07038,시간초과,563,-0.028850624192854037,0.01
408,YFI,1779464503.0,3782450.0,1779465045.0,3653100.0,시간초과,542,-0.03919741173049214,0.01
409,GNO,1779464694.0,181295.0,1779464865.0,172260.0,손절,171,-0.05483590281033674,0.01
410,ALLO,1779464991.0,148.47,1779465435.0,147.51,시간초과,444,-0.011465952717720804,0.01
411,SUNDOG,1779465348.0,11.837200000000001,1779465459.0,11.4246,손절,111,-0.03985621599702642,0.01
414,GMT,1779516257.0,17.9477,1779516297.0,16.691399999999998,손절,40,-0.07499782701961828,0.01
415,PUFFER,1779522624.0,39.1173,1779522643.0,36.0954,손절,19,-0.082252264343398,0.01
420,GRACY,1779547614.0,14.645,1779547915.0,14.3352,시간초과,301,-0.026153977466712136,0.01
421,BOB,1779549178.0,14.0794,1779549198.0,13.8699,시간초과,20,-0.01987989545009022,0.01
423,BOB,1779549178.0,14.0794,1779549550.0,14.0778,시간초과,372,-0.005113641206301392,0.01
426,RESOLV,1779550223.0,59.4789,1779550304.0,55.2618,손절,81,-0.07590077321537557,0.01
427,PEAQ,1779550344.0,47.985099999999996,1779550735.0,50.5395,익절,391,0.04823319113641529,0.01
428,ID,1779550354.0,48.1568,1779550394.0,46.0449,손절,40,-0.04885465811681836,0.01
430,GHX,1779551289.0,12.604800000000001,1779551680.0,12.493799999999998,시간초과,391,-0.0138061690784465,0.01
436,GHX,1779590309.0,14.4632,1779590369.0,13.7808,손절,60,-0.05218181315338246,0.01
437,SWAP,1779591330.0,84.84,1779591640.0,81.17009999999999,손절,310,-0.0482567185289959,0.01
438,GHX,1779591862.0,14.8773,1779592141.0,14.661900000000001,시간초과,279,-0.01947843358673946,0.01
439,STAT,1779593515.0,59.8425,1779593545.0,57.4002,손절,30,-0.045812131846096046,0.01
442,STAT,1779597861.0,62.9331,1779597901.0,60.2019,손절,40,-0.04839846599007519,0.01
443,GHX,1779598774.0,15.3318,1779598856.0,14.9292,시간초과,82,-0.0312591476538958,0.01
445,GHX,1779600389.0,15.4934,1779600401.0,15.0876,시간초과,12,-0.031191797797771908,0.01
447,STAT,1779602435.0,71.41709999999999,1779602466.0,63.924299999999995,손절,31,-0.10991604951755247,0.01
448,STAT,1779604539.0,75.67930000000001,1779604740.0,74.8341,시간초과,201,-0.016168179409693343,0.01
452,WNCG,1779613982.0,16.2307,1779614022.0,15.562800000000001,손절,40,-0.046150412489910954,0.01
454,SIX,1779635046.0,15.4631,1779635076.0,14.5728,손절,30,-0.06257577717275319,0.01
455,SIX,1779635065.0,14.9985,1779635186.0,14.2065,손절,121,-0.05780528052805279,0.01
457,RESOLV,1779634995.0,41.9352,1779635015.0,39.6,손절,20,-0.06068591541235049,0.01
458,RESOLV,1779634996.0,41.915,1779635016.0,39.5802,손절,20,-0.06070320887510441,0.01
460,RSS3,1779636609.0,14.14,1779637087.0,13.8501,시간초과,478,-0.025502121640735585,0.01
477,C98,1779694485.0,30.1788,1779694585.0,29.670299999999997,시간초과,100,-0.021849576523917502,0.01
478,C98,1779694416.0,30.471700000000002,1779694591.0,29.8782,시간초과,175,-0.024477088577270135,0.01
479,C98,1779694398.0,30.4313,1779694589.0,29.947499999999998,시간초과,191,-0.020898104911719256,0.01
363,SD,1779206450.0,268.26,1779206511.0,255.78,손절,61,-0.05152203086557813,0.02
365,EDEN,1779213772.0,126.48,1779213794.0,123.48,시간초과,22,-0.028719165085388996,0.02
367,PROMPT,1779225048.0,61.8834,1779225099.0,58.2708,손절,51,-0.0633775293535908,0.02
369,PROVE,1779235792.0,351.90000000000003,1779235825.0,331.24,손절,33,-0.06370986075589663,0.02
370,SD,1779242897.0,256.02,1779242926.0,247.94,시간초과,29,-0.0365600343723146,0.02
374,PONKE,1779254376.0,63.51540000000001,1779254406.0,59.2802,손절,30,-0.07167989180576688,0.02
380,EDEN,1779304361.0,173.4,1779304642.0,163.66,손절,281,-0.061170703575547915,0.02
382,AVL,1779361427.0,53.1522,1779361966.0,51.1168,시간초과,539,-0.04329380533637371,0.02
384,YB,1779370339.0,181.56,1779370379.0,176.4,시간초과,40,-0.03342035690680765,0.02
387,OXT,1779377148.0,17.697000000000003,1779377265.0,16.8952,시간초과,117,-0.050307114200147114,0.02
388,AGI,1779378941.0,12.6174,1779378961.0,12.0638,손절,20,-0.04887591738393008,0.02
390,AVL,1779380113.0,59.0988,1779380545.0,57.0654,시간초과,432,-0.03940678998558347,0.02
392,PONKE,1779381726.0,57.0588,1779381766.0,56.986999999999995,익절,40,-0.006258351034371617,0.02
398,BOB,1779437546.0,14.494200000000001,1779437586.0,14.0434,시간초과,40,-0.03610209601081819,0.02
399,XTER,1779437787.0,28.192800000000002,1779437855.0,27.6164,시간초과,68,-0.025444936295791944,0.02
405,SUNDOG,1779464022.0,11.424,1779464022.0,10.975999999999999,시간초과,0,-0.044215686274509836,0.02
406,SYRUP,1779464392.0,532.44,1779464413.0,413.56,손절,21,-0.22827398392307122,0.02
407,MAY,1779464443.0,9.383999999999999,1779465006.0,8.978760000000001,시간초과,563,-0.048184143222506116,0.02
408,YFI,1779464503.0,3819900.0,1779464804.0,3629920.0,손절,301,-0.05473428623785963,0.02
409,GNO,1779464694.0,183090.0,1779464805.0,173558.0,손절,111,-0.057061827516521925,0.02
410,ALLO,1779464991.0,149.94,1779465435.0,146.02,시간초과,444,-0.03114379084967312,0.02
411,SUNDOG,1779465348.0,11.954400000000001,1779465459.0,11.309199999999999,손절,111,-0.05897175935220526,0.02
414,GMT,1779516257.0,18.1254,1779516277.0,17.15,손절,20,-0.05881398479481835,0.02
415,PUFFER,1779522624.0,39.504599999999996,1779522637.0,37.0244,손절,13,-0.06778256203075077,0.02
420,GRACY,1779547614.0,14.790000000000001,1779547674.0,14.0434,손절,60,-0.055480054090601805,0.02
421,BOB,1779549178.0,14.2188,1779549198.0,13.7298,시간초과,20,-0.03939108785551528,0.02
423,BOB,1779549178.0,14.2188,1779549550.0,13.9356,시간초과,372,-0.024917292598531454,0.02
426,RESOLV,1779550223.0,60.0678,1779550304.0,54.7036,손절,81,-0.09430242159692875,0.02
427,PEAQ,1779550344.0,48.4602,1779550746.0,50.176,익절,402,0.030406374715746146,0.02
428,ID,1779550354.0,48.6336,1779550374.0,46.648,손절,20,-0.04582774049216998,0.02
430,GHX,1779551289.0,12.729600000000001,1779551598.0,12.1324,손절,309,-0.05191427853192565,0.02
436,GHX,1779590309.0,14.6064,1779590349.0,13.7494,손절,40,-0.06367291050498419,0.02
437,SWAP,1779591330.0,85.68,1779591640.0,80.35019999999999,손절,310,-0.0672058823529414,0.02
438,GHX,1779591862.0,15.024600000000001,1779591892.0,14.259,손절,30,-0.05595643145241809,0.02
439,STAT,1779593515.0,60.435,1779593545.0,56.8204,손절,30,-0.06480971291470179,0.02
442,STAT,1779597861.0,63.556200000000004,1779597901.0,59.5938,손절,40,-0.06734482237767522,0.02
443,GHX,1779598774.0,15.4836,1779598806.0,14.6902,손절,32,-0.056241313389650875,0.02
445,GHX,1779600389.0,15.6468,1779600401.0,14.9352,시간초과,12,-0.05047894777206845,0.02
447,STAT,1779602435.0,72.1242,1779602455.0,65.66,손절,20,-0.09462595079044211,0.02
448,STAT,1779604539.0,76.4286,1779604609.0,72.7944,손절,70,-0.05255026259803276,0.02
452,WNCG,1779613982.0,16.3914,1779614022.0,15.4056,손절,40,-0.06514129360518327,0.02
454,SIX,1779635046.0,15.616200000000001,1779635066.0,14.552999999999999,손절,20,-0.07308314442694137,0.02
455,SIX,1779635065.0,15.147,1779635086.0,14.8666,손절,21,-0.02351191655113225,0.02
457,RESOLV,1779634995.0,42.3504,1779635015.0,39.2,손절,20,-0.07938890777891112,0.02
458,RESOLV,1779634996.0,42.33,1779635016.0,39.1804,손절,20,-0.07940585872903377,0.02
460,RSS3,1779636609.0,14.280000000000001,1779637087.0,13.7102,시간초과,478,-0.04490196078431377,0.02
477,C98,1779694485.0,30.4776,1779694585.0,29.3706,시간초과,100,-0.04132175761871011,0.02
478,C98,1779694416.0,30.773400000000002,1779694502.0,29.3706,손절,86,-0.050584823256448835,0.02
479,C98,1779694398.0,30.732599999999998,1779694498.0,29.2922,손절,100,-0.05186879730318934,0.02
