exit_time,coin,lead,entry,exit,pnl_pct,reason,strong
2026-06-29 06:22:55,COOKIE,1.60,14.0100,13.7300,-2.00,손절-1.5%,False
2026-06-29 06:34:23,CELO,1.96,102.0000,103.0000,+0.98,타임아웃15분,False
2026-06-29 06:38:01,ENA,1.75,116.0000,116.0000,+0.00,타임아웃15분,False
2026-06-29 06:40:19,POKT,1.56,12.6800,12.8200,+1.10,트레일(고점+2.2%),False
2026-06-29 07:04:24,CELO,1.94,100.0000,100.0000,+0.00,트레일(고점+1.0%),False
2026-06-29 07:07:25,EDGE,1.53,134.0000,131.0000,-2.24,손절-1.5%,False
2026-06-29 07:28:19,POKT,2.34,12.8900,13.0000,+0.85,타임아웃15분,False
2026-06-29 07:29:15,CELO,2.00,99.9400,100.0000,+0.06,타임아웃15분,False
2026-06-29 07:57:14,EDGE,1.53,132.0000,130.0000,-1.52,손절-1.5%,False
2026-06-29 07:57:37,ELF,1.88,95.2200,95.5800,+0.38,타임아웃15분,False
2026-06-29 08:10:23,DOGE,1.83,110.0000,110.0000,+0.00,타임아웃15분,False
2026-06-29 08:12:15,EDGE,3.04,130.0000,135.0000,+3.85,타임아웃15분,True
2026-06-29 08:43:30,POKT,2.13,13.1500,13.0700,-0.61,트레일(고점+1.1%),False
2026-06-29 08:56:45,HUNT,2.87,140.0000,141.0000,+0.71,트레일(고점+2.9%),False
2026-06-29 09:00:24,PROS,2.56,692.0000,710.0000,+2.60,트레일(고점+3.9%),False
2026-06-29 09:01:23,POWR,1.68,78.6500,81.2700,+3.33,트레일(고점+4.6%),False
2026-06-29 09:04:40,POWR,2.58,81.2200,79.9700,-1.54,손절-1.5%,False
2026-06-29 09:06:00,QKC,1.96,3.0580,3.1030,+1.47,트레일(고점+2.6%),False
2026-06-29 09:06:10,QKC,2.27,3.1030,3.1160,+0.42,트레일(고점+1.7%),False
2026-06-29 09:06:13,RE,2.50,874.0000,875.0000,+0.11,트레일(고점+1.3%),False
2026-06-29 09:07:18,ID,1.82,51.3800,53.2800,+3.70,트레일(고점+6.3%),False
2026-06-29 09:08:11,QKC,1.89,3.1160,3.1510,+1.12,트레일(고점+2.5%),False
2026-06-29 09:09:38,ELF,2.39,99.9900,100.0000,+0.01,트레일(고점+1.0%),False
2026-06-29 09:11:02,ELF,1.92,102.0000,103.0000,+0.98,트레일(고점+2.9%),False
2026-06-29 09:12:25,ELF,1.96,103.0000,101.0000,-1.94,손절-1.5%,False
2026-06-29 09:12:53,ELF,2.91,103.0000,103.0000,+0.00,트레일(고점+1.9%),False
2026-06-29 09:14:08,ELF,3.81,104.0000,106.0000,+1.92,트레일(고점+3.8%),True
2026-06-29 09:15:48,ELF,2.85,105.0000,102.0000,-2.86,손절-1.5%,False
2026-06-29 09:17:23,POKT,1.56,12.8900,12.9800,+0.70,트레일(고점+1.9%),False
2026-06-29 09:18:03,POWR,3.29,87.2000,85.6600,-1.77,손절-1.5%,True
2026-06-29 09:18:50,PROS,1.65,718.0000,741.0000,+3.20,트레일(고점+4.5%),False
2026-06-29 09:24:18,QKC,2.50,3.1500,3.1010,-1.56,손절-1.5%,False
2026-06-29 09:25:03,ELF,2.00,101.0000,102.0000,+0.99,트레일(고점+3.0%),False
2026-06-29 09:25:07,POWR,1.78,87.0200,89.0200,+2.30,트레일(고점+5.1%),False
2026-06-29 09:25:14,EDGE,2.08,143.0000,143.0000,+0.00,트레일(고점+1.4%),False
2026-06-29 09:28:12,ELF,1.92,104.0000,102.0000,-1.92,손절-1.5%,False
2026-06-29 09:28:30,CELO,2.94,101.0000,103.0000,+1.98,타임아웃15분,False
2026-06-29 09:35:59,EDGE,3.46,142.0000,143.0000,+0.70,트레일(고점+2.1%),True
2026-06-29 09:36:55,EDGE,2.03,145.0000,147.0000,+1.38,트레일(고점+2.8%),False
2026-06-29 09:39:42,QKC,1.65,3.0300,2.9720,-1.91,손절-1.5%,False
2026-06-29 09:40:34,POKT,1.52,13.2800,13.4600,+1.36,트레일(고점+2.4%),False
2026-06-29 09:42:08,TOSHI,1.67,0.1746,0.1746,+0.00,타임아웃15분,False
2026-06-29 09:47:41,CVC,1.80,31.9600,31.9000,-0.19,타임아웃15분,False
2026-06-29 09:48:33,HIVE,1.80,77.3300,77.4700,+0.18,타임아웃15분,False
2026-06-29 09:50:20,HUNT,2.07,143.0000,140.0000,-2.10,손절-1.5%,False
2026-06-29 09:58:02,POKT,1.50,13.3900,13.4700,+0.60,트레일(고점+1.7%),False
2026-06-29 10:01:33,POKT,1.91,13.7300,14.1300,+2.91,트레일(고점+5.3%),False
2026-06-29 10:13:54,POKT,1.55,13.7900,13.8000,+0.07,트레일(고점+1.2%),False
2026-06-29 10:28:39,POKT,2.55,13.0800,12.8000,-2.14,손절-1.5%,False
2026-06-29 10:30:16,MEGA,1.53,69.1000,69.1200,+0.03,트레일(고점+1.1%),False
2026-06-29 10:32:36,POKT,1.89,12.8400,12.6400,-1.56,손절-1.5%,False
2026-06-29 10:40:37,EDGE,1.52,132.0000,133.0000,+0.76,트레일(고점+2.3%),False
2026-06-29 10:42:38,RE,1.50,855.0000,857.0000,+0.23,타임아웃15분,False
2026-06-29 10:48:24,EDGE,2.22,134.0000,131.0000,-2.24,손절-1.5%,False
2026-06-29 10:56:40,EDGE,1.52,132.0000,130.0000,-1.52,손절-1.5%,False
2026-06-29 11:02:45,AGLD,3.72,266.0000,267.0000,+0.38,트레일(고점+2.3%),True
2026-06-29 11:04:21,POWR,1.56,86.6100,85.3000,-1.51,손절-1.5%,False
2026-06-29 11:06:05,CELO,1.87,107.0000,108.0000,+0.93,타임아웃15분,False
2026-06-29 11:12:57,EDGE,1.50,130.0000,128.0000,-1.54,손절-1.5%,False
2026-06-29 11:13:17,AGLD,1.52,264.0000,260.0000,-1.52,손절-1.5%,False
2026-06-29 11:21:05,EDGE,1.54,128.0000,128.0000,+0.00,트레일(고점+1.6%),False
2026-06-29 11:39:51,EDGE,2.33,127.0000,125.0000,-1.57,손절-1.5%,False
2026-06-29 11:45:18,POKT,1.57,12.8000,12.7500,-0.39,타임아웃15분,False
2026-06-29 11:49:05,SLX,1.77,893.0000,905.0000,+1.34,트레일(고점+2.6%),False
2026-06-29 12:08:09,EDGE,1.54,125.0000,127.0000,+1.60,타임아웃15분,False
2026-06-29 12:15:16,HUNT,3.01,131.0000,132.0000,+0.76,타임아웃15분,True
2026-06-29 12:15:49,AGLD,1.54,257.0000,261.0000,+1.56,트레일(고점+2.7%),False
2026-06-29 12:17:06,SLX,3.12,906.0000,911.0000,+0.55,트레일(고점+1.8%),True
2026-06-29 12:40:00,EDGE,1.53,131.0000,129.0000,-1.53,손절-1.5%,False
2026-06-29 12:58:52,EDGE,1.52,131.0000,131.0000,+0.00,트레일(고점+1.5%),False
2026-06-29 13:29:43,PUNDIX,3.16,125.0000,126.0000,+0.80,타임아웃15분,True
2026-06-29 13:36:29,EDGE,1.53,133.0000,131.0000,-1.50,손절-1.5%,False
2026-06-29 13:59:18,ELF,2.08,97.0100,96.5200,-0.51,타임아웃15분,False
2026-06-29 14:06:30,EDGE,1.53,131.0000,129.0000,-1.53,손절-1.5%,False
2026-06-29 14:26:41,EDGE,1.52,129.0000,131.0000,+1.55,타임아웃15분,False
2026-06-29 15:04:35,EDGE,1.52,130.0000,129.0000,-0.77,타임아웃15분,False
2026-06-29 15:07:02,POWR,1.71,86.3200,86.0200,-0.35,타임아웃15분,False
2026-06-29 15:08:47,POKT,1.63,12.1700,12.4700,+2.47,타임아웃15분,False
2026-06-29 15:39:15,EDGE,1.54,128.0000,130.0000,+1.56,타임아웃15분,False
2026-06-29 16:35:15,EDGE,1.54,131.0000,129.0000,-1.53,손절-1.5%,False
2026-06-29 16:48:13,EDGE,1.55,129.0000,127.0000,-1.55,손절-1.5%,False
2026-06-29 16:52:57,HP,1.57,14.9500,14.7300,-1.47,타임아웃15분,False
2026-06-29 17:14:53,HUNT,3.00,132.0000,134.0000,+1.52,타임아웃15분,False
2026-06-29 17:22:52,EDGE,1.57,126.0000,124.0000,-1.59,손절-1.5%,False
2026-06-29 17:27:46,ELF,1.92,100.0000,101.0000,+1.00,트레일(고점+2.0%),False
2026-06-29 17:29:29,ELF,1.88,103.0000,103.0000,+0.00,트레일(고점+1.9%),False
2026-06-29 17:30:53,IP,1.90,475.0000,475.0000,+0.00,타임아웃15분,False
2026-06-29 17:31:27,ELF,1.92,103.0000,103.0000,+0.00,트레일(고점+1.9%),False
2026-06-29 17:40:26,ELF,2.95,100.0000,99.0800,-0.92,트레일(고점+1.0%),False
2026-06-29 17:42:57,ELF,2.91,100.0000,104.0000,+4.00,트레일(고점+5.0%),False
2026-06-29 17:43:55,ELF,1.85,105.0000,108.0000,+2.86,트레일(고점+4.8%),False
2026-06-29 17:45:19,ELF,2.79,106.0000,106.0000,+0.00,트레일(고점+2.8%),False
2026-06-29 17:45:58,EDGE,1.59,124.0000,124.0000,+0.00,타임아웃15분,False
2026-06-29 17:47:18,ELF,1.85,107.0000,105.0000,-1.87,손절-1.5%,False
2026-06-29 17:49:43,ELF,3.76,105.0000,103.0000,-1.90,손절-1.5%,True
2026-06-29 17:50:44,ELF,2.87,103.0000,103.0000,+0.00,트레일(고점+1.9%),False
2026-06-29 17:52:54,ELF,1.92,105.0000,110.0000,+4.76,트레일(고점+6.7%),False
2026-06-29 17:54:14,POKT,1.64,12.2000,12.1800,-0.16,타임아웃15분,False
2026-06-29 17:55:10,ELF,3.75,108.0000,110.0000,+1.85,트레일(고점+3.7%),True
2026-06-29 17:58:37,ELF,1.96,104.0000,102.0000,-1.92,손절-1.5%,False
2026-06-29 17:59:11,EDGE,1.57,125.0000,125.0000,+0.00,트레일(고점+1.6%),False
2026-06-29 18:08:03,AGLD,1.76,283.0000,287.0000,+1.41,트레일(고점+2.5%),False
2026-06-29 18:18:27,AGLD,1.78,279.0000,282.0000,+1.08,트레일(고점+2.2%),False
2026-06-29 18:33:14,EDGE,1.57,127.0000,127.0000,+0.00,타임아웃15분,False
2026-06-29 18:37:39,HIVE,1.69,76.3400,76.3800,+0.05,트레일(고점+1.3%),False
2026-06-29 18:55:17,EDGE,1.59,125.0000,125.0000,+0.00,타임아웃15분,False
2026-06-29 18:59:14,HUNT,1.52,132.0000,133.0000,+0.76,타임아웃15분,False
2026-06-29 19:13:03,EDGE,1.57,125.0000,126.0000,+0.80,타임아웃15분,False
2026-06-29 19:25:53,EDGE,1.56,127.0000,127.0000,+0.00,트레일(고점+1.6%),False
2026-06-29 19:41:28,HUNT,1.53,131.0000,130.0000,-0.76,타임아웃15분,False
2026-06-29 19:51:23,EDGE,1.59,126.0000,126.0000,+0.00,트레일(고점+1.6%),False
2026-06-29 19:52:35,ID,2.14,48.8500,49.0500,+0.41,타임아웃15분,False
2026-06-29 20:02:44,XEC,1.66,0.0079,0.0079,+0.00,트레일(고점+1.3%),False
2026-06-29 20:30:24,EDGE,1.60,126.0000,126.0000,+0.00,타임아웃15분,False
2026-06-29 20:41:28,HUNT,1.54,131.0000,131.0000,+0.00,타임아웃15분,False
2026-06-29 21:02:15,EDGE,2.34,127.0000,126.0000,-0.79,타임아웃15분,False
2026-06-29 21:18:43,PUNDIX,1.61,123.0000,124.0000,+0.81,타임아웃15분,False
2026-06-29 21:41:44,EDGE,1.59,126.0000,127.0000,+0.79,타임아웃15분,False
2026-06-29 21:42:05,HUNT,1.53,130.0000,132.0000,+1.54,타임아웃15분,False
2026-06-29 21:44:39,ENA,1.64,123.0000,123.0000,+0.00,트레일(고점+1.6%),False
2026-06-29 21:58:40,EDGE,1.59,126.0000,126.0000,+0.00,타임아웃15분,False
2026-06-29 22:00:21,ENA,1.64,122.0000,124.0000,+1.64,트레일(고점+3.3%),False
2026-06-29 22:01:13,ENA,2.41,125.0000,125.0000,+0.00,트레일(고점+1.6%),False
2026-06-29 22:02:03,SLX,3.72,848.0000,864.0000,+1.89,트레일(고점+2.9%),True
2026-06-29 22:03:53,ENA,2.38,127.0000,125.0000,-1.57,손절-1.5%,False
2026-06-29 22:04:40,EDGE,1.59,126.0000,124.0000,-1.59,손절-1.5%,False
2026-06-29 22:08:06,AGLD,1.53,259.0000,268.0000,+3.47,트레일(고점+5.4%),False
2026-06-29 23:15:22,AGLD,2.13,282.0000,285.0000,+1.06,트레일(고점+2.5%),False
2026-06-29 23:18:50,POKT,1.54,12.2700,12.2500,-0.16,타임아웃15분,False
2026-06-29 23:29:50,AGLD,2.16,278.0000,282.0000,+1.44,트레일(고점+3.2%),False
2026-06-29 23:34:59,ENA,1.65,122.0000,123.0000,+0.82,타임아웃15분,False
2026-06-29 23:37:46,EDGE,1.57,125.0000,129.0000,+3.20,타임아웃15분,False
2026-06-29 23:40:23,HBAR,1.87,108.0000,108.0000,+0.00,타임아웃15분,False
2026-06-29 23:41:18,MEGA,1.57,69.2500,69.7800,+0.77,타임아웃15분,False
2026-06-30 00:33:03,XCN,1.72,5.7180,5.7960,+1.36,트레일(고점+2.7%),False
2026-06-30 00:34:50,EDGE,1.56,126.0000,126.0000,+0.00,타임아웃15분,False
2026-06-30 00:44:52,AGLD,2.01,297.0000,300.0000,+1.01,트레일(고점+2.4%),False
2026-06-30 02:36:04,HP,1.92,14.5000,14.5200,+0.14,트레일(고점+1.2%),False
2026-06-30 02:36:52,EDGE,1.56,125.0000,124.0000,-0.80,타임아웃15분,False
2026-06-30 02:41:37,EDGE,3.16,124.0000,124.0000,+0.00,트레일(고점+1.6%),True
2026-06-30 02:51:04,HP,1.92,14.5200,14.5600,+0.28,타임아웃15분,False
2026-06-30 03:03:13,EDGE,1.57,126.0000,124.0000,-1.59,손절-1.5%,False
2026-06-30 04:20:06,HUNT,1.53,131.0000,131.0000,+0.00,타임아웃15분,False
2026-06-30 05:03:14,EDGE,1.56,128.0000,129.0000,+0.78,타임아웃15분,False
2026-06-30 05:12:04,POKT,1.61,12.3600,12.1600,-1.62,손절-1.5%,False
2026-06-30 05:53:13,POKT,2.35,12.1300,12.1900,+0.49,트레일(고점+1.8%),False
2026-06-30 06:11:49,EDGE,1.57,129.0000,126.0000,-2.33,손절-1.5%,False
2026-06-30 06:15:45,ID,1.66,51.2600,50.9700,-0.57,타임아웃15분,False
2026-06-30 07:14:32,EDGE,1.55,129.0000,130.0000,+0.78,타임아웃15분,False
2026-06-30 07:37:30,PIEVERSE,1.75,1131.0000,1140.0000,+0.80,트레일(고점+1.9%),False
2026-06-30 08:05:07,HUNT,1.53,132.0000,132.0000,+0.00,타임아웃15분,False
2026-06-30 08:49:44,EDGE,1.56,129.0000,127.0000,-1.55,손절-1.5%,False
2026-06-30 09:02:23,POWR,1.69,80.1200,79.9200,-0.25,트레일(고점+1.1%),False
2026-06-30 09:03:42,POWR,2.41,80.3300,80.5200,+0.24,트레일(고점+1.5%),False
2026-06-30 09:06:58,EDGE,2.32,129.0000,136.0000,+5.43,트레일(고점+7.0%),False
2026-06-30 09:13:31,HUNT,1.50,132.0000,133.0000,+0.76,타임아웃15분,False
2026-06-30 09:14:19,EDGE,1.50,137.0000,136.0000,-0.73,트레일(고점+1.5%),False
2026-06-30 09:19:02,POWR,1.53,81.0000,81.9600,+1.19,타임아웃15분,False
2026-06-30 09:33:33,EDGE,3.01,132.0000,132.0000,+0.00,트레일(고점+1.5%),True
2026-06-30 09:38:56,POKT,1.83,11.9200,11.7500,-1.43,타임아웃15분,False
2026-06-30 09:39:33,QKC,2.03,2.9590,2.9580,-0.03,트레일(고점+1.3%),False
2026-06-30 09:43:31,EDGE,1.55,131.0000,129.0000,-1.53,손절-1.5%,False
2026-06-30 09:46:54,HUNT,1.53,133.0000,134.0000,+0.75,트레일(고점+2.3%),False
2026-06-30 09:54:33,QKC,2.07,2.9580,2.9840,+0.88,타임아웃15분,False
2026-06-30 09:54:45,HUNT,1.50,133.0000,134.0000,+0.75,트레일(고점+2.3%),False
2026-06-30 09:59:38,HUNT,1.50,134.0000,141.0000,+5.22,트레일(고점+6.7%),False
2026-06-30 10:01:27,HUNT,4.98,137.0000,143.0000,+4.38,트레일(고점+6.6%),True
2026-06-30 10:03:52,HUNT,2.07,145.0000,150.0000,+3.45,트레일(고점+5.5%),False
2026-06-30 10:04:14,HUNT,8.62,143.0000,139.0000,-2.80,손절-1.5%,True
2026-06-30 10:05:21,HUNT,4.26,138.0000,139.0000,+0.72,트레일(고점+3.6%),True
2026-06-30 10:10:41,EDGE,1.61,125.0000,126.0000,+0.80,타임아웃15분,False
2026-06-30 10:12:41,HUNT,2.19,137.0000,146.0000,+6.57,트레일(고점+8.0%),False
2026-06-30 10:13:22,HUNT,3.60,142.0000,143.0000,+0.70,트레일(고점+2.1%),True
2026-06-30 10:14:19,HUNT,3.50,142.0000,139.0000,-2.11,손절-1.5%,True
2026-06-30 10:25:27,HUNT,1.53,132.0000,134.0000,+1.52,트레일(고점+3.0%),False
2026-06-30 10:41:32,EDGE,1.64,124.0000,122.0000,-1.61,손절-1.5%,False
2026-06-30 10:46:49,PIEVERSE,2.07,1140.0000,1157.0000,+1.49,타임아웃15분,False
2026-06-30 11:05:41,ENA,2.55,118.0000,119.0000,+0.85,타임아웃15분,False
2026-06-30 11:17:15,HUNT,1.55,131.0000,129.0000,-1.53,손절-1.5%,False
2026-06-30 11:28:51,HUNT,3.08,129.0000,127.0000,-1.55,손절-1.5%,True
2026-06-30 11:49:02,HUNT,1.59,127.0000,128.0000,+0.79,타임아웃15분,False
2026-06-30 11:49:41,EDGE,1.67,119.0000,120.0000,+0.84,타임아웃15분,False
2026-06-30 12:17:14,EDGE,2.52,118.0000,116.0000,-1.69,손절-1.5%,False
2026-06-30 12:33:33,EDGE,1.69,117.0000,118.0000,+0.85,타임아웃15분,False
2026-06-30 12:35:10,HP,2.00,14.4600,14.4500,-0.07,트레일(고점+1.0%),False
2026-06-30 12:53:14,HUNT,1.61,126.0000,125.0000,-0.79,타임아웃15분,False
2026-06-30 13:31:25,HUNT,1.59,127.0000,126.0000,-0.79,타임아웃15분,False
2026-06-30 13:47:15,DOGE,1.83,110.0000,111.0000,+0.91,타임아웃15분,False
2026-06-30 14:11:20,TAIKO,2.34,165.0000,165.0000,+0.00,트레일(고점+1.2%),False
2026-06-30 14:12:19,TAIKO,2.40,165.0000,165.0000,+0.00,트레일(고점+1.2%),False
2026-06-30 14:14:15,TAIKO,1.79,170.0000,170.0000,+0.00,트레일(고점+1.2%),False
2026-06-30 14:17:40,TAIKO,2.99,167.0000,167.0000,+0.00,트레일(고점+1.8%),False
2026-06-30 14:20:35,TAIKO,3.58,169.0000,169.0000,+0.00,트레일(고점+1.2%),True
2026-06-30 14:33:58,TAIKO,2.41,167.0000,166.0000,-0.60,트레일(고점+1.2%),False
2026-06-30 14:41:38,TAIKO,1.87,167.0000,164.0000,-1.80,손절-1.5%,False
2026-06-30 14:43:47,TAIKO,3.07,162.0000,162.0000,+0.00,트레일(고점+1.2%),True
2026-06-30 14:46:38,TAIKO,1.85,162.0000,165.0000,+1.85,트레일(고점+3.1%),False
2026-06-30 14:50:14,TAIKO,2.45,165.0000,167.0000,+1.21,트레일(고점+2.4%),False
2026-06-30 14:56:07,HBAR,1.87,108.0000,108.0000,+0.00,타임아웃15분,False
2026-06-30 14:59:40,TAIKO,1.85,165.0000,169.0000,+2.42,트레일(고점+4.2%),False
2026-06-30 15:00:29,EDGE,1.68,119.0000,119.0000,+0.00,타임아웃15분,False
2026-06-30 15:08:39,TAIKO,3.03,168.0000,164.0000,-2.38,손절-1.5%,True
2026-06-30 15:13:41,TAIKO,1.80,166.0000,166.0000,+0.00,트레일(고점+1.2%),False
2026-06-30 15:18:16,TAIKO,1.80,165.0000,169.0000,+2.42,트레일(고점+4.2%),False
2026-06-30 15:53:18,IN,1.62,186.0000,184.0000,-1.08,타임아웃15분,False
2026-06-30 15:55:54,TAIKO,1.80,156.0000,159.0000,+1.92,트레일(고점+3.2%),False
2026-06-30 15:59:28,TAIKO,1.80,158.0000,155.0000,-1.90,손절-1.5%,False
2026-06-30 16:05:16,AI,79.78,56.7200,57.0000,+0.49,트레일(고점+2.1%),True
2026-06-30 16:06:11,TAIKO,2.48,146.0000,142.0000,-2.74,손절-1.5%,False
2026-06-30 16:20:14,TAIKO,1.82,142.0000,143.0000,+0.70,트레일(고점+2.1%),False
2026-06-30 16:21:21,TAIKO,1.77,144.0000,146.0000,+1.39,트레일(고점+2.8%),False
2026-06-30 16:26:46,TAIKO,1.82,145.0000,142.0000,-2.07,손절-1.5%,False
2026-06-30 16:36:52,AI,2.71,50.0200,50.0200,+0.00,트레일(고점+1.2%),False
2026-06-30 16:42:40,ONG,1.70,82.0300,83.0800,+1.28,트레일(고점+2.6%),False
2026-06-30 16:46:41,TAIKO,1.77,144.0000,141.0000,-2.08,손절-1.5%,False
2026-06-30 16:52:02,AI,1.69,49.4800,49.6100,+0.26,트레일(고점+1.5%),False
2026-06-30 16:56:15,TAIKO,1.75,143.0000,140.0000,-2.10,손절-1.5%,False
2026-06-30 16:58:49,PRL,1.67,239.0000,237.0000,-0.84,타임아웃15분,False
2026-06-30 17:01:03,TAIKO,3.19,139.0000,137.0000,-1.44,트레일(고점+1.4%),True
2026-06-30 17:03:46,TAIKO,3.90,138.0000,138.0000,+0.00,트레일(고점+1.4%),True
2026-06-30 17:09:10,EDGE,1.75,115.0000,113.0000,-1.74,손절-1.5%,False
2026-06-30 17:13:51,TAIKO,2.52,138.0000,138.0000,+0.00,트레일(고점+1.4%),False
2026-06-30 17:28:02,TAIKO,2.51,138.0000,135.0000,-2.17,손절-1.5%,False
2026-06-30 17:37:18,TAIKO,1.85,141.0000,138.0000,-2.13,손절-1.5%,False
2026-06-30 17:40:36,TAIKO,3.98,138.0000,139.0000,+0.72,트레일(고점+2.2%),True
2026-06-30 17:47:34,EDGE,1.79,111.0000,109.0000,-1.80,손절-1.5%,False
2026-06-30 18:09:04,TAIKO,1.85,139.0000,136.0000,-2.16,손절-1.5%,False
2026-06-30 18:09:33,IN,1.60,184.0000,186.0000,+1.09,트레일(고점+2.2%),False
2026-06-30 18:13:59,TAIKO,2.56,136.0000,136.0000,+0.00,트레일(고점+1.5%),False
2026-06-30 18:19:13,ENA,1.82,112.0000,112.0000,+0.00,타임아웃15분,False
2026-06-30 18:24:44,TAIKO,2.55,136.0000,136.0000,+0.00,트레일(고점+1.5%),False
2026-06-30 19:36:15,RE,3.35,1089.0000,1110.0000,+1.93,트레일(고점+3.1%),True
2026-06-30 20:44:31,TAIKO,1.96,136.0000,136.0000,+0.00,타임아웃15분,False
2026-06-30 21:03:01,EDGE,1.79,111.0000,112.0000,+0.90,타임아웃15분,False
2026-06-30 21:03:49,AI,2.13,52.8600,54.8800,+3.82,트레일(고점+5.0%),False
2026-06-30 21:07:52,AI,1.97,54.7100,53.8200,-1.63,손절-1.5%,False
2026-06-30 21:10:03,EDGE,1.80,110.0000,110.0000,+0.00,트레일(고점+1.8%),False
2026-06-30 21:10:24,AI,2.19,54.3100,55.1400,+1.53,트레일(고점+2.7%),False
2026-06-30 21:15:07,TAIKO,1.94,138.0000,136.0000,-1.45,타임아웃15분,False
2026-06-30 21:28:48,AI,1.83,53.5000,53.7600,+0.49,트레일(고점+1.8%),False
2026-06-30 21:33:53,AI,1.77,53.9900,53.1000,-1.65,손절-1.5%,False
2026-06-30 21:34:32,IN,1.53,194.0000,198.0000,+2.06,트레일(고점+3.1%),False
2026-06-30 21:37:57,AI,2.17,53.0600,52.1000,-1.81,손절-1.5%,False
2026-06-30 22:18:57,IN,1.51,219.0000,219.0000,+0.00,트레일(고점+1.4%),False
2026-06-30 22:19:03,CPOOL,1.69,38.3600,37.6500,-1.85,손절-1.5%,False
2026-06-30 22:19:22,CPOOL,8.98,36.2300,35.0100,-3.37,손절-1.5%,True
2026-06-30 22:19:37,CPOOL,7.49,35.7500,35.8800,+0.36,트레일(고점+2.2%),True
2026-06-30 22:20:07,CPOOL,3.50,35.6800,35.6900,+0.03,트레일(고점+1.3%),True
2026-06-30 22:21:34,CPOOL,2.60,36.2100,37.0600,+2.35,트레일(고점+3.4%),False
2026-06-30 22:21:37,TAIKO,2.70,137.0000,138.0000,+0.73,타임아웃15분,False
2026-06-30 22:21:52,CPOOL,2.13,37.4300,36.2500,-3.15,손절-1.5%,False
2026-06-30 22:22:22,CPOOL,2.10,37.4500,37.9700,+1.39,트레일(고점+2.6%),False
2026-06-30 22:22:38,EDGE,1.79,108.0000,109.0000,+0.93,타임아웃15분,False
2026-06-30 22:23:27,CPOOL,2.42,38.9500,39.0500,+0.26,트레일(고점+1.7%),False
2026-06-30 22:24:20,CPOOL,1.58,40.9900,40.1300,-2.10,손절-1.5%,False
2026-06-30 22:24:48,CPOOL,13.69,37.8200,37.1100,-1.88,손절-1.5%,True
2026-06-30 22:25:44,CPOOL,2.27,37.6800,36.9000,-2.07,손절-1.5%,False
2026-06-30 22:26:10,CPOOL,1.58,37.6500,37.0500,-1.59,손절-1.5%,False
2026-06-30 22:26:55,AHT,2.26,1.7810,1.7530,-1.57,손절-1.5%,False
2026-06-30 22:27:00,CPOOL,1.95,37.3900,37.4800,+0.24,트레일(고점+1.4%),False
2026-06-30 22:28:12,CPOOL,3.48,37.5000,36.8500,-1.73,손절-1.5%,True
2026-06-30 22:30:02,CPOOL,2.66,35.6300,35.0000,-1.77,손절-1.5%,False
2026-06-30 22:31:13,MOC,1.94,27.8000,27.3600,-1.58,손절-1.5%,False
2026-06-30 22:31:39,CPOOL,2.03,36.5000,36.3900,-0.30,트레일(고점+1.4%),False
2026-06-30 22:32:16,IN,2.35,224.0000,220.0000,-1.79,손절-1.5%,False
2026-06-30 22:35:53,CPOOL,3.68,35.6400,35.7000,+0.17,트레일(고점+2.7%),True
2026-06-30 22:37:43,SAFE,1.50,132.0000,131.0000,-0.76,타임아웃15분,False
2026-06-30 22:40:56,CPOOL,5.86,33.1700,32.2500,-2.77,손절-1.5%,True
2026-06-30 22:51:03,CPOOL,1.55,30.1300,29.5700,-1.86,손절-1.5%,False
2026-06-30 23:09:07,TAIKO,2.00,136.0000,135.0000,-0.74,타임아웃15분,False
2026-06-30 23:11:29,AI,1.59,48.8900,48.0700,-1.68,손절-1.5%,False
2026-06-30 23:12:36,IN,6.81,244.0000,252.0000,+3.28,트레일(고점+4.5%),True
2026-06-30 23:17:11,AHT,1.75,1.7180,1.6910,-1.57,손절-1.5%,False
2026-06-30 23:18:15,EDGE,1.79,108.0000,109.0000,+0.93,타임아웃15분,False
2026-06-30 23:19:12,AHT,3.36,1.6510,1.6670,+0.97,트레일(고점+2.5%),True
2026-06-30 23:22:26,AHT,3.52,1.6670,1.6970,+1.80,트레일(고점+3.3%),True
2026-06-30 23:28:03,TAIKO,1.96,135.0000,136.0000,+0.74,타임아웃15분,False
2026-06-30 23:28:52,CPOOL,2.13,29.2600,29.3000,+0.14,트레일(고점+1.2%),False
2026-06-30 23:34:01,IN,1.65,292.0000,293.0000,+0.34,트레일(고점+1.7%),False
2026-06-30 23:36:34,SAFE,1.50,133.0000,131.0000,-1.50,손절-1.5%,False
2026-06-30 23:38:51,IN,2.03,289.0000,290.0000,+0.35,트레일(고점+1.4%),False
2026-06-30 23:40:39,IN,2.74,284.0000,292.0000,+2.82,트레일(고점+3.9%),False
2026-06-30 23:46:10,EDGE,1.75,108.0000,108.0000,+0.00,타임아웃15분,False
2026-06-30 23:46:53,IN,1.99,285.0000,280.0000,-1.75,손절-1.5%,False
2026-07-01 00:09:34,AI,5.43,46.4100,45.7000,-1.53,손절-1.5%,True
2026-07-01 00:16:45,IN,1.93,346.0000,352.0000,+1.73,트레일(고점+2.9%),False
2026-07-01 00:28:00,EDGE,1.79,116.0000,114.0000,-1.72,손절-1.5%,False
2026-07-01 00:29:56,EDGE,1.74,117.0000,115.0000,-1.71,손절-1.5%,False
2026-07-01 00:35:06,IN,2.56,360.0000,354.0000,-1.67,손절-1.5%,False
2026-07-01 00:35:28,IN,3.08,353.0000,346.0000,-1.98,손절-1.5%,True
2026-07-01 00:37:34,AI,1.95,46.1800,46.3500,+0.37,트레일(고점+1.5%),False
2026-07-01 00:39:08,IN,2.35,363.0000,354.0000,-2.48,손절-1.5%,False
2026-07-01 01:02:07,SLX,1.87,824.0000,828.0000,+0.49,트레일(고점+1.8%),False
2026-07-01 01:09:15,TAIKO,1.96,137.0000,134.0000,-2.19,손절-1.5%,False
2026-07-01 01:11:16,EDGE,1.74,114.0000,115.0000,+0.88,트레일(고점+2.6%),False
2026-07-01 01:11:43,AI,1.67,45.6600,44.9500,-1.55,손절-1.5%,False
2026-07-01 01:12:01,AHT,2.04,1.5900,1.5900,+0.00,트레일(고점+1.6%),False
2026-07-01 01:18:33,IN,2.65,326.0000,330.0000,+1.23,트레일(고점+2.5%),False
2026-07-01 01:19:51,TOKAMAK,7.38,650.0000,677.0000,+4.15,트레일(고점+9.5%),True
2026-07-01 01:20:21,TOKAMAK,5.55,677.0000,677.0000,+0.00,트레일(고점+1.2%),True
2026-07-01 01:50:56,CPOOL,2.13,28.3400,28.5000,+0.56,타임아웃15분,False
2026-07-01 02:00:22,TOKAMAK,3.95,669.0000,645.0000,-3.59,손절-1.5%,True
2026-07-01 02:00:49,IN,4.22,234.0000,234.0000,+0.00,트레일(고점+1.3%),True
2026-07-01 02:00:57,IN,2.13,234.0000,230.0000,-1.71,손절-1.5%,False
2026-07-01 02:01:02,EDGE,1.72,117.0000,115.0000,-1.71,손절-1.5%,False
2026-07-01 02:02:02,IN,2.73,231.0000,231.0000,+0.00,트레일(고점+1.3%),False
2026-07-01 02:02:28,IN,4.21,234.0000,235.0000,+0.43,트레일(고점+2.1%),True
2026-07-01 02:04:02,IN,1.80,228.0000,228.0000,+0.00,트레일(고점+1.3%),False
2026-07-01 02:05:12,IN,1.92,219.0000,219.0000,+0.00,트레일(고점+1.4%),False
2026-07-01 02:07:10,IN,2.29,221.0000,224.0000,+1.36,트레일(고점+2.7%),False
2026-07-01 02:08:16,IN,2.79,219.0000,226.0000,+3.20,트레일(고점+4.6%),False
2026-07-01 02:08:19,IN,2.06,226.0000,226.0000,+0.00,트레일(고점+1.8%),False
2026-07-01 02:09:44,IN,1.80,225.0000,227.0000,+0.89,트레일(고점+3.1%),False
2026-07-01 02:11:32,TOKAMAK,1.54,573.0000,584.0000,+1.92,트레일(고점+3.1%),False
2026-07-01 02:11:44,IN,2.27,215.0000,217.0000,+0.93,트레일(고점+2.3%),False
2026-07-01 02:17:32,IN,1.76,221.0000,217.0000,-1.81,손절-1.5%,False
2026-07-01 02:21:18,IN,2.38,208.0000,209.0000,+0.48,트레일(고점+2.4%),False
2026-07-01 02:24:13,IN,4.29,206.0000,199.0000,-3.40,손절-1.5%,True
2026-07-01 02:27:08,IN,1.94,195.0000,196.0000,+0.51,트레일(고점+1.5%),False
2026-07-01 02:31:15,IN,3.11,188.0000,190.0000,+1.06,트레일(고점+2.7%),True
2026-07-01 02:32:52,IN,2.96,188.0000,188.0000,+0.00,트레일(고점+1.1%),False
2026-07-01 02:33:06,TAIKO,1.90,137.0000,138.0000,+0.73,타임아웃15분,False
2026-07-01 02:34:16,EDGE,2.61,118.0000,115.0000,-2.54,손절-1.5%,False
2026-07-01 02:37:58,IN,1.97,187.0000,187.0000,+0.00,트레일(고점+1.1%),False
2026-07-01 02:46:03,IN,1.97,194.0000,197.0000,+1.55,트레일(고점+2.6%),False
2026-07-01 02:46:41,EDGE,1.72,115.0000,115.0000,+0.00,트레일(고점+1.7%),False
2026-07-01 02:47:50,IN,1.51,199.0000,199.0000,+0.00,트레일(고점+1.0%),False
2026-07-01 02:51:02,TAIKO,1.87,138.0000,138.0000,+0.00,타임아웃15분,False
2026-07-01 02:56:05,ENA,1.83,112.0000,111.0000,-0.89,타임아웃15분,False
2026-07-01 03:01:00,MOC,2.04,25.8400,25.8400,+0.00,타임아웃15분,False
2026-07-01 03:12:53,TAIKO,1.85,138.0000,138.0000,+0.00,타임아웃15분,False
2026-07-01 03:19:46,EDGE,1.75,115.0000,112.0000,-2.61,손절-1.5%,False
2026-07-01 03:25:05,DOGE,2.74,109.0000,109.0000,+0.00,트레일(고점+1.8%),False
2026-07-01 03:27:58,IN,1.99,204.0000,200.0000,-1.96,손절-1.5%,False
2026-07-01 03:30:12,TAIKO,1.85,138.0000,138.0000,+0.00,타임아웃15분,False
2026-07-01 03:33:37,EDGE,1.75,112.0000,112.0000,+0.00,트레일(고점+1.8%),False
2026-07-01 03:43:34,IN,2.17,201.0000,200.0000,-0.50,타임아웃15분,False
2026-07-01 03:49:08,IN,2.08,200.0000,203.0000,+1.50,트레일(고점+2.5%),False
2026-07-01 03:54:13,TOKAMAK,2.04,565.0000,566.0000,+0.18,타임아웃15분,False
2026-07-01 03:55:59,IN,2.56,202.0000,196.0000,-2.97,손절-1.5%,False
2026-07-01 03:58:58,EDGE,1.77,114.0000,115.0000,+0.88,타임아웃15분,False
2026-07-01 03:59:27,TAIKO,2.58,137.0000,136.0000,-0.73,타임아웃15분,False
2026-07-01 04:00:51,IN,2.08,192.0000,192.0000,+0.00,트레일(고점+2.1%),False
2026-07-01 04:03:22,AI,1.89,48.0900,48.5200,+0.89,트레일(고점+2.1%),False
2026-07-01 04:03:37,EDGE,1.79,115.0000,113.0000,-1.74,손절-1.5%,False
2026-07-01 04:09:27,IN,1.54,196.0000,195.0000,-0.51,트레일(고점+1.0%),False
2026-07-01 04:11:28,IN,1.55,197.0000,198.0000,+0.51,트레일(고점+1.5%),False
2026-07-01 04:13:31,IN,2.60,196.0000,196.0000,+0.00,트레일(고점+1.0%),False
2026-07-01 04:17:40,EDGE,1.79,114.0000,112.0000,-1.75,손절-1.5%,False
2026-07-01 04:18:19,IN,3.28,188.0000,189.0000,+0.53,트레일(고점+2.1%),True
2026-07-01 04:21:22,TAIKO,1.89,137.0000,140.0000,+2.19,트레일(고점+3.6%),False
2026-07-01 04:21:26,IN,2.21,188.0000,190.0000,+1.06,트레일(고점+2.1%),False
2026-07-01 04:21:59,IN,2.18,190.0000,187.0000,-1.58,손절-1.5%,False
2026-07-01 04:22:50,AI,1.66,50.9300,51.8600,+1.83,트레일(고점+2.8%),False
2026-07-01 04:23:59,IN,3.27,188.0000,185.0000,-1.60,손절-1.5%,True
2026-07-01 04:25:01,TAIKO,3.31,140.0000,140.0000,+0.00,트레일(고점+1.4%),True
2026-07-01 04:36:38,ENA,1.83,109.0000,108.0000,-0.92,타임아웃15분,False
2026-07-01 04:36:57,IN,2.23,177.0000,180.0000,+1.69,트레일(고점+2.8%),False
2026-07-01 04:42:58,IN,6.03,155.0000,156.0000,+0.65,트레일(고점+2.6%),True
2026-07-01 04:44:24,MOC,2.23,25.6200,25.4900,-0.51,타임아웃15분,False
2026-07-01 04:46:33,IN,3.03,153.0000,155.0000,+1.31,트레일(고점+19.6%),True
2026-07-01 04:47:08,IN,16.49,156.0000,156.0000,+0.00,트레일(고점+1.9%),True
2026-07-01 05:00:02,IN,3.16,140.0000,137.0000,-2.14,손절-1.5%,True
2026-07-01 05:02:15,IN,2.55,135.0000,137.0000,+1.48,트레일(고점+3.0%),False
2026-07-01 05:03:11,IN,2.53,137.0000,138.0000,+0.73,트레일(고점+3.6%),False
2026-07-01 05:03:13,TAIKO,2.88,141.0000,140.0000,-0.71,타임아웃15분,False
2026-07-01 05:04:44,IN,3.90,139.0000,135.0000,-2.88,손절-1.5%,True
2026-07-01 05:08:23,MOC,2.82,25.6100,25.5800,-0.12,트레일(고점+1.4%),False
2026-07-01 05:08:27,MOC,3.20,25.5800,25.5800,+0.00,트레일(고점+1.1%),True
2026-07-01 05:08:41,MOC,2.90,25.5800,25.5800,+0.00,트레일(고점+1.3%),False
2026-07-01 05:08:44,IN,1.83,130.0000,129.0000,-0.77,트레일(고점+1.5%),False
2026-07-01 05:17:12,IN,2.51,138.0000,134.0000,-2.90,손절-1.5%,False
2026-07-01 05:19:36,IN,1.79,137.0000,134.0000,-2.19,손절-1.5%,False
2026-07-01 05:19:40,TAIKO,1.90,140.0000,138.0000,-1.43,타임아웃15분,False
2026-07-01 05:22:03,IN,3.31,134.0000,131.0000,-2.24,손절-1.5%,True
2026-07-01 05:22:52,IN,3.40,130.0000,128.0000,-1.54,손절-1.5%,True
2026-07-01 05:23:52,CARV,1.89,52.7700,52.6600,-0.21,타임아웃15분,False
2026-07-01 05:24:13,IN,4.16,129.0000,127.0000,-1.55,손절-1.5%,True
2026-07-01 05:25:42,TOKAMAK,1.52,521.0000,530.0000,+1.73,타임아웃15분,False
2026-07-01 05:28:02,IN,1.92,128.0000,126.0000,-1.56,손절-1.5%,False
2026-07-01 05:30:57,IN,2.03,118.0000,116.0000,-1.69,손절-1.5%,False
2026-07-01 05:38:57,IN,1.89,115.0000,115.0000,+0.00,트레일(고점+1.7%),False
2026-07-01 05:46:55,TAIKO,1.89,137.0000,137.0000,+0.00,트레일(고점+2.2%),False
2026-07-01 05:49:21,IN,2.83,114.0000,112.0000,-1.75,손절-1.5%,False
2026-07-01 05:58:01,IN,2.87,111.0000,111.0000,+0.00,트레일(고점+1.8%),False
2026-07-01 06:00:33,IN,2.88,113.0000,111.0000,-1.77,손절-1.5%,False
2026-07-01 06:03:42,MOC,2.52,25.7000,25.7700,+0.27,트레일(고점+1.4%),False
2026-07-01 06:09:07,IN,1.98,109.0000,107.0000,-1.83,손절-1.5%,False
2026-07-01 06:09:57,IN,3.82,107.0000,107.0000,+0.00,트레일(고점+1.9%),True
2026-07-01 06:16:43,EDGE,1.80,114.0000,112.0000,-1.75,손절-1.5%,False
2026-07-01 06:17:45,IN,2.00,107.0000,105.0000,-1.87,손절-1.5%,False
2026-07-01 06:19:04,IN,3.87,105.0000,103.0000,-1.90,손절-1.5%,True
2026-07-01 06:30:20,EDGE,1.80,112.0000,112.0000,+0.00,트레일(고점+1.8%),False
2026-07-01 06:38:05,IN,2.00,106.0000,104.0000,-1.89,손절-1.5%,False
2026-07-01 06:41:54,TAIKO,1.85,138.0000,138.0000,+0.00,타임아웃15분,False
2026-07-01 06:44:18,EDGE,1.80,113.0000,111.0000,-1.77,손절-1.5%,False
2026-07-01 06:48:02,IN,1.98,103.0000,103.0000,+0.00,트레일(고점+1.9%),False
2026-07-01 06:56:40,IN,1.98,104.0000,102.0000,-1.92,손절-1.5%,False
2026-07-01 07:09:01,IN,1.98,104.0000,105.0000,+0.96,트레일(고점+2.9%),False
2026-07-01 07:16:49,IN,1.96,104.0000,105.0000,+0.96,트레일(고점+2.9%),False
2026-07-01 07:21:44,ENA,1.83,109.0000,110.0000,+0.92,타임아웃15분,False
2026-07-01 07:24:03,IN,1.92,107.0000,105.0000,-1.87,손절-1.5%,False
2026-07-01 07:27:12,TAIKO,2.63,137.0000,138.0000,+0.73,타임아웃15분,False
2026-07-01 07:30:09,IN,1.92,107.0000,105.0000,-1.87,손절-1.5%,False
2026-07-01 07:40:33,IN,1.90,106.0000,106.0000,+0.00,트레일(고점+1.9%),False
2026-07-01 07:56:29,ENA,1.85,109.0000,109.0000,+0.00,타임아웃15분,False
2026-07-01 07:56:54,EDGE,1.79,114.0000,112.0000,-1.75,손절-1.5%,False
2026-07-01 08:04:50,TAIKO,1.85,140.0000,141.0000,+0.71,트레일(고점+4.3%),False
2026-07-01 08:11:56,IN,1.90,106.0000,106.0000,+0.00,트레일(고점+1.9%),False
2026-07-01 08:14:15,SLX,1.55,774.0000,773.0000,-0.13,타임아웃15분,False
2026-07-01 08:25:22,EDGE,1.80,112.0000,111.0000,-0.89,타임아웃15분,False
2026-07-01 08:26:44,IN,1.89,107.0000,105.0000,-1.87,손절-1.5%,False
2026-07-01 08:33:31,IN,1.90,107.0000,107.0000,+0.00,트레일(고점+1.9%),False
2026-07-01 08:38:28,XPL,1.53,132.0000,131.0000,-0.76,타임아웃15분,False
2026-07-01 08:42:44,EDGE,1.77,111.0000,113.0000,+1.80,타임아웃15분,False
2026-07-01 08:44:18,IN,1.87,109.0000,107.0000,-1.83,손절-1.5%,False
2026-07-01 08:47:20,IN,1.89,107.0000,107.0000,+0.00,트레일(고점+1.9%),False
2026-07-01 08:50:34,TAIKO,1.80,142.0000,141.0000,-0.70,타임아웃15분,False
2026-07-01 08:55:59,CBK,2.26,269.0000,269.0000,+0.00,트레일(고점+1.1%),False
2026-07-01 09:00:51,ONG,1.97,72.1000,72.6900,+0.82,트레일(고점+2.6%),False
2026-07-01 09:00:54,GAS,1.93,1587.0000,1585.0000,-0.13,트레일(고점+1.1%),False
2026-07-01 09:02:02,ONG,4.38,72.1300,72.5000,+0.51,트레일(고점+1.6%),True
2026-07-01 09:02:43,LA,2.51,94.2900,94.4100,+0.13,트레일(고점+2.4%),False
2026-07-01 09:02:58,XPL,1.53,132.0000,131.0000,-0.76,타임아웃15분,False
2026-07-01 09:03:05,TAIKO,2.57,139.0000,140.0000,+0.72,트레일(고점+2.2%),False
2026-07-01 09:03:37,MOC,1.76,27.2800,27.3500,+0.26,트레일(고점+1.5%),False
2026-07-01 09:03:48,MOC,2.26,27.7100,27.2800,-1.55,손절-1.5%,False
2026-07-01 09:05:22,IN,2.80,108.0000,111.0000,+2.78,트레일(고점+4.6%),False
2026-07-01 09:07:06,ONG,2.97,71.2500,70.7300,-0.73,트레일(고점+2.0%),False
2026-07-01 09:14:34,MOC,2.87,27.3100,27.5100,+0.73,트레일(고점+2.3%),False
2026-07-01 09:21:48,MOC,1.66,28.3600,28.6600,+1.06,트레일(고점+2.2%),False
2026-07-01 09:23:35,MOC,1.94,28.9100,28.8400,-0.24,트레일(고점+1.3%),False
2026-07-01 09:25:05,IN,3.81,106.0000,104.0000,-1.89,손절-1.5%,True
2026-07-01 09:27:19,ONG,1.56,76.6400,76.5800,-0.08,트레일(고점+1.1%),False
2026-07-01 09:28:04,EDGE,1.79,114.0000,112.0000,-1.75,손절-1.5%,False
2026-07-01 09:29:26,TAIKO,1.87,140.0000,143.0000,+2.14,트레일(고점+3.6%),False
2026-07-01 09:31:15,MOC,2.30,32.9400,34.0000,+3.22,트레일(고점+4.4%),False
2026-07-01 09:32:53,MOC,1.66,33.7600,33.0300,-2.16,손절-1.5%,False
2026-07-01 09:32:59,TAIKO,1.72,144.0000,147.0000,+2.08,트레일(고점+3.5%),False
2026-07-01 09:33:27,MOC,4.38,33.0200,33.0300,+0.03,트레일(고점+1.4%),True
2026-07-01 09:34:39,TAIKO,2.36,150.0000,150.0000,+0.00,트레일(고점+1.3%),False
2026-07-01 09:35:00,TAIKO,1.65,150.0000,150.0000,+0.00,트레일(고점+1.3%),False
2026-07-01 09:36:18,TAIKO,2.30,150.0000,154.0000,+2.67,트레일(고점+4.0%),False
2026-07-01 09:38:03,TAIKO,1.60,162.0000,166.0000,+2.47,트레일(고점+4.3%),False
2026-07-01 09:38:41,ONG,1.96,75.4300,77.6900,+3.00,트레일(고점+4.7%),False
2026-07-01 09:39:20,TAIKO,2.75,168.0000,172.0000,+2.38,트레일(고점+5.4%),False
2026-07-01 09:41:05,TAIKO,10.95,160.0000,172.0000,+7.50,트레일(고점+8.7%),True
2026-07-01 09:42:28,TAIKO,1.56,172.0000,175.0000,+1.74,트레일(고점+2.9%),False
2026-07-01 09:44:54,EDGE,1.80,112.0000,111.0000,-0.89,타임아웃15분,False
2026-07-01 09:47:03,TAIKO,3.96,168.0000,169.0000,+0.60,트레일(고점+2.4%),True
2026-07-01 09:48:49,RE,1.60,980.0000,994.0000,+1.43,트레일(고점+2.7%),False
2026-07-01 09:51:03,TAIKO,2.26,165.0000,165.0000,+0.00,트레일(고점+1.2%),False
2026-07-01 09:53:17,TAIKO,1.67,164.0000,161.0000,-1.83,손절-1.5%,False
2026-07-01 09:55:27,TAIKO,1.65,160.0000,160.0000,+0.00,트레일(고점+1.2%),False
2026-07-01 09:56:05,TAIKO,2.88,159.0000,160.0000,+0.63,트레일(고점+1.9%),False
2026-07-01 09:58:21,TAIKO,1.64,160.0000,157.0000,-1.88,손절-1.5%,False
2026-07-01 10:01:29,TAIKO,2.29,156.0000,163.0000,+4.49,트레일(고점+5.8%),False
2026-07-01 10:01:44,AI,1.55,56.8800,55.9600,-1.62,손절-1.5%,False
2026-07-01 10:02:54,TAIKO,1.63,162.0000,169.0000,+4.32,트레일(고점+5.6%),False
2026-07-01 10:05:46,TAIKO,2.33,177.0000,173.0000,-2.26,손절-1.5%,False
2026-07-01 10:05:54,TAIKO,5.83,173.0000,172.0000,-0.58,트레일(고점+1.2%),True
2026-07-01 10:06:47,TAIKO,6.33,167.0000,172.0000,+2.99,트레일(고점+4.8%),True
2026-07-01 10:08:14,AI,2.98,55.0200,55.6500,+1.15,트레일(고점+2.2%),False
2026-07-01 10:09:12,TAIKO,2.91,174.0000,184.0000,+5.75,트레일(고점+6.9%),False
2026-07-01 10:10:11,TAIKO,2.84,183.0000,185.0000,+1.09,트레일(고점+2.2%),False
2026-07-01 10:12:18,TAIKO,1.77,189.0000,189.0000,+0.00,트레일(고점+1.1%),False
2026-07-01 10:12:33,AI,2.42,54.9000,55.1100,+0.38,트레일(고점+1.5%),False
2026-07-01 10:14:29,TAIKO,1.77,189.0000,189.0000,+0.00,트레일(고점+1.1%),False
2026-07-01 10:15:15,TAIKO,2.28,189.0000,186.0000,-1.59,손절-1.5%,False
2026-07-01 10:19:18,AI,2.54,53.2700,53.7000,+0.81,트레일(고점+1.9%),False
2026-07-01 10:23:43,EDGE,1.80,110.0000,115.0000,+4.55,트레일(고점+6.4%),False
2026-07-01 10:25:19,TOKAMAK,1.75,514.0000,520.0000,+1.17,트레일(고점+2.3%),False
2026-07-01 10:25:51,CPOOL,1.96,29.6900,29.6900,+0.00,타임아웃15분,False
2026-07-01 10:27:51,EDGE,1.71,116.0000,118.0000,+1.72,트레일(고점+3.4%),False
2026-07-01 10:29:05,POWR,1.68,64.8300,65.1000,+0.42,타임아웃15분,False
2026-07-01 10:29:10,HBAR,1.92,105.0000,106.0000,+0.95,타임아웃15분,False
2026-07-01 10:30:38,TAIKO,1.74,211.0000,218.0000,+3.32,트레일(고점+4.7%),False
2026-07-01 10:30:41,EDGE,1.65,119.0000,120.0000,+0.84,트레일(고점+2.5%),False
2026-07-01 10:33:48,TAIKO,3.65,204.0000,207.0000,+1.47,트레일(고점+3.4%),True
2026-07-01 10:34:00,EDGE,1.67,120.0000,118.0000,-1.67,손절-1.5%,False
2026-07-01 10:34:54,TAIKO,2.71,204.0000,199.0000,-2.45,손절-1.5%,False
2026-07-01 10:37:24,EDGE,1.64,120.0000,118.0000,-1.67,손절-1.5%,False
2026-07-01 10:43:06,TAIKO,1.75,204.0000,200.0000,-1.96,손절-1.5%,False
2026-07-01 10:48:22,IN,1.98,102.0000,102.0000,+0.00,트레일(고점+2.0%),False
2026-07-01 10:50:25,EDGE,4.15,118.0000,122.0000,+3.39,트레일(고점+5.1%),True
2026-07-01 10:50:39,IN,2.97,103.0000,103.0000,+0.00,트레일(고점+1.9%),False
2026-07-01 10:53:13,EDGE,1.63,123.0000,123.0000,+0.00,트레일(고점+1.6%),False
2026-07-01 11:05:17,EDGE,1.63,123.0000,123.0000,+0.00,트레일(고점+1.6%),False
2026-07-01 11:10:28,IN,2.00,103.0000,101.0000,-1.94,손절-1.5%,False
2026-07-01 11:12:14,ENA,1.83,110.0000,110.0000,+0.00,타임아웃15분,False
2026-07-01 11:13:55,EDGE,1.56,130.0000,128.0000,-1.54,손절-1.5%,False
2026-07-01 11:24:38,CPOOL,2.73,30.1100,30.3200,+0.70,타임아웃15분,False
2026-07-01 11:24:48,EDGE,2.44,122.0000,123.0000,+0.82,트레일(고점+2.5%),False
2026-07-01 11:30:47,TAIKO,1.72,206.0000,202.0000,-1.94,손절-1.5%,False
2026-07-01 11:34:52,EDGE,2.47,121.0000,121.0000,+0.00,트레일(고점+1.7%),False
2026-07-01 11:39:59,SLX,2.42,713.0000,699.0000,-1.96,손절-1.5%,False
2026-07-01 11:41:10,TAIKO,2.17,202.0000,198.0000,-1.98,손절-1.5%,False
2026-07-01 11:41:51,TAIKO,5.67,192.0000,196.0000,+2.08,트레일(고점+3.1%),True
2026-07-01 11:43:24,EDGE,1.67,122.0000,128.0000,+4.92,트레일(고점+6.6%),False
2026-07-01 11:47:44,TAIKO,2.14,199.0000,196.0000,-1.51,손절-1.5%,False
2026-07-01 11:48:29,MOC,1.51,26.0700,26.0000,-0.27,타임아웃15분,False
2026-07-01 12:02:33,EDGE,2.38,127.0000,129.0000,+1.57,트레일(고점+3.1%),False
2026-07-01 12:04:16,EDGE,1.53,130.0000,128.0000,-1.54,손절-1.5%,False
2026-07-01 12:07:58,EDGE,1.60,127.0000,127.0000,+0.00,트레일(고점+1.6%),False
2026-07-01 12:12:11,EDGE,1.55,128.0000,126.0000,-1.56,손절-1.5%,False
2026-07-01 12:15:46,EDGE,1.64,124.0000,124.0000,+0.00,트레일(고점+1.6%),False
2026-07-01 12:15:50,TAIKO,2.67,194.0000,194.0000,+0.00,트레일(고점+1.0%),False
2026-07-01 12:23:53,TAIKO,2.18,193.0000,193.0000,+0.00,트레일(고점+1.6%),False
2026-07-01 12:24:54,EDGE,1.61,124.0000,124.0000,+0.00,트레일(고점+1.6%),False
2026-07-01 12:27:38,IN,2.98,101.0000,102.0000,+0.99,트레일(고점+3.0%),False
2026-07-01 12:29:07,TAIKO,2.18,192.0000,195.0000,+1.56,트레일(고점+3.6%),False
2026-07-01 12:30:26,EDGE,2.46,121.0000,123.0000,+1.65,트레일(고점+3.3%),False
2026-07-01 12:39:43,TAIKO,2.19,195.0000,192.0000,-1.54,손절-1.5%,False
2026-07-01 12:50:07,EDGE,2.43,123.0000,123.0000,+0.00,트레일(고점+1.6%),False
2026-07-01 12:59:44,TAIKO,4.40,184.0000,186.0000,+1.09,트레일(고점+2.2%),True
2026-07-01 13:00:51,TAIKO,4.98,180.0000,177.0000,-1.67,손절-1.5%,True
2026-07-01 13:05:44,EDGE,1.64,123.0000,121.0000,-1.63,손절-1.5%,False
2026-07-01 13:07:38,EDGE,1.63,122.0000,123.0000,+0.82,트레일(고점+2.5%),False
2026-07-01 13:27:16,EDGE,1.57,129.0000,127.0000,-1.55,손절-1.5%,False
2026-07-01 13:30:42,TAIKO,1.92,172.0000,172.0000,+0.00,트레일(고점+1.2%),False
2026-07-01 13:41:51,TAIKO,2.23,171.0000,168.0000,-1.75,손절-1.5%,False
2026-07-01 13:45:49,TAIKO,1.63,172.0000,174.0000,+1.16,트레일(고점+2.3%),False
2026-07-01 13:49:25,TAIKO,2.72,174.0000,174.0000,+0.00,트레일(고점+1.1%),False
2026-07-01 13:49:39,AI,2.62,50.4800,51.0800,+1.19,트레일(고점+2.2%),False
2026-07-01 13:51:08,JTO,1.68,1179.0000,1195.0000,+1.36,트레일(고점+2.4%),False
2026-07-01 13:55:32,TAIKO,1.60,174.0000,176.0000,+1.15,트레일(고점+2.3%),False
2026-07-01 13:59:10,TAIKO,2.16,176.0000,180.0000,+2.27,트레일(고점+3.4%),False
2026-07-01 14:26:46,EDGE,2.39,126.0000,124.0000,-1.59,손절-1.5%,False
2026-07-01 14:31:12,G,1.99,5.2590,5.2850,+0.49,트레일(고점+2.1%),False
2026-07-01 14:37:56,TAIKO,1.60,179.0000,187.0000,+4.47,트레일(고점+5.6%),False
2026-07-01 14:40:43,TAIKO,2.08,187.0000,191.0000,+2.14,트레일(고점+3.2%),False
2026-07-01 14:43:59,EDGE,1.60,126.0000,124.0000,-1.59,손절-1.5%,False
2026-07-01 14:44:28,G,2.10,5.3960,5.4440,+0.89,트레일(고점+1.9%),False
2026-07-01 15:06:03,EDGE,1.59,125.0000,124.0000,-0.80,타임아웃15분,False
2026-07-01 15:12:36,TAIKO,1.64,177.0000,173.0000,-2.26,손절-1.5%,False
2026-07-01 15:22:58,EDGE,2.43,124.0000,124.0000,+0.00,트레일(고점+1.6%),False
2026-07-01 15:27:44,AGLD,2.94,270.0000,275.0000,+1.85,트레일(고점+3.0%),False
2026-07-01 15:28:49,XLM,1.66,303.0000,304.0000,+0.33,트레일(고점+1.7%),False
2026-07-01 15:36:41,EDGE,1.63,125.0000,125.0000,+0.00,트레일(고점+1.6%),False
2026-07-01 15:39:08,TAIKO,1.60,205.0000,201.0000,-1.95,손절-1.5%,False
2026-07-01 15:39:30,EDGE,1.60,127.0000,128.0000,+0.79,트레일(고점+2.4%),False
2026-07-01 15:39:40,IN,1.98,102.0000,100.0000,-1.96,손절-1.5%,False
2026-07-01 15:41:34,TAIKO,3.12,195.0000,196.0000,+0.51,트레일(고점+1.5%),True
2026-07-01 15:59:53,EDGE,3.16,125.0000,125.0000,+0.00,트레일(고점+1.6%),True
2026-07-01 16:08:51,SLX,1.90,674.0000,676.0000,+0.30,트레일(고점+1.3%),False
2026-07-01 16:16:58,EDGE,1.59,125.0000,125.0000,+0.00,트레일(고점+1.6%),False
2026-07-01 16:38:12,TAIKO,1.61,177.0000,179.0000,+1.13,트레일(고점+2.3%),False
2026-07-01 16:42:16,TAIKO,1.55,178.0000,180.0000,+1.12,트레일(고점+2.2%),False
2026-07-01 16:50:11,TAIKO,1.53,183.0000,184.0000,+0.55,트레일(고점+1.6%),False
2026-07-01 16:59:09,TAIKO,2.10,182.0000,183.0000,+0.55,트레일(고점+1.6%),False
2026-07-01 17:01:38,TAIKO,2.07,184.0000,185.0000,+0.54,트레일(고점+1.6%),False
2026-07-01 17:03:28,TAIKO,2.26,187.0000,192.0000,+2.67,트레일(고점+3.7%),False
2026-07-01 17:12:37,EDGE,1.61,123.0000,121.0000,-1.63,손절-1.5%,False
2026-07-01 17:17:29,TAIKO,2.53,192.0000,189.0000,-1.56,손절-1.5%,False
2026-07-01 17:17:46,MOC,1.86,26.4800,26.3800,-0.38,타임아웃15분,False
2026-07-01 17:21:18,G,1.58,5.3040,5.3590,+1.04,트레일(고점+2.2%),False
2026-07-01 17:27:11,TAIKO,1.61,188.0000,187.0000,-0.53,트레일(고점+1.1%),False
2026-07-01 17:33:16,EDGE,1.65,121.0000,119.0000,-1.65,손절-1.5%,False
2026-07-01 17:40:10,EDGE,2.55,116.0000,116.0000,+0.00,트레일(고점+1.7%),False
2026-07-01 17:43:58,TAIKO,1.59,188.0000,185.0000,-1.60,손절-1.5%,False
2026-07-01 17:45:39,TAIKO,2.65,184.0000,184.0000,+0.00,트레일(고점+1.1%),False
2026-07-01 17:46:52,TAIKO,2.33,187.0000,184.0000,-1.60,손절-1.5%,False
2026-07-01 17:48:06,TAIKO,1.54,187.0000,184.0000,-1.60,손절-1.5%,False
2026-07-01 17:49:35,TAIKO,2.10,184.0000,185.0000,+0.54,트레일(고점+1.6%),False
2026-07-01 17:50:48,TAIKO,2.11,185.0000,182.0000,-1.62,손절-1.5%,False
2026-07-01 17:53:35,TAIKO,1.57,181.0000,181.0000,+0.00,트레일(고점+1.1%),False
2026-07-01 17:55:34,TAIKO,2.14,181.0000,185.0000,+2.21,트레일(고점+3.3%),False
2026-07-01 17:56:30,EDGE,2.55,116.0000,116.0000,+0.00,트레일(고점+1.7%),False
2026-07-01 18:11:29,TAIKO,1.53,182.0000,182.0000,+0.00,트레일(고점+1.1%),False
2026-07-01 18:13:37,TAIKO,2.85,182.0000,182.0000,+0.00,트레일(고점+1.1%),False
2026-07-01 18:27:46,EDGE,2.54,117.0000,117.0000,+0.00,트레일(고점+1.7%),False
2026-07-01 18:31:09,TAIKO,3.29,186.0000,185.0000,-0.54,트레일(고점+1.1%),True
2026-07-01 18:37:12,TAIKO,1.50,185.0000,182.0000,-1.62,손절-1.5%,False
2026-07-01 18:46:30,TAIKO,1.66,188.0000,189.0000,+0.53,트레일(고점+1.6%),False
2026-07-01 18:49:58,EDGE,1.68,118.0000,119.0000,+0.85,트레일(고점+2.5%),False
2026-07-01 18:54:05,TAIKO,1.59,188.0000,185.0000,-1.60,손절-1.5%,False
2026-07-01 18:57:38,TAIKO,2.08,188.0000,185.0000,-1.60,손절-1.5%,False
2026-07-01 19:00:56,TAIKO,1.52,189.0000,194.0000,+2.65,트레일(고점+3.7%),False
2026-07-01 19:03:53,TAIKO,2.03,195.0000,198.0000,+1.54,트레일(고점+2.6%),False
2026-07-01 19:07:26,TAIKO,3.55,196.0000,199.0000,+1.53,트레일(고점+2.6%),True
2026-07-01 19:10:24,TAIKO,4.18,198.0000,204.0000,+3.03,트레일(고점+4.0%),True
2026-07-01 19:13:14,TAIKO,1.94,206.0000,207.0000,+0.49,트레일(고점+2.4%),False
2026-07-01 19:16:09,TAIKO,1.89,208.0000,213.0000,+2.40,트레일(고점+5.3%),False
2026-07-01 19:16:46,TAIKO,1.91,214.0000,216.0000,+0.93,트레일(고점+2.3%),False
2026-07-01 19:17:45,TAIKO,4.10,216.0000,224.0000,+3.70,트레일(고점+5.1%),True
2026-07-01 19:18:18,TAIKO,2.70,225.0000,225.0000,+0.00,트레일(고점+1.3%),False
2026-07-01 19:19:31,TAIKO,3.32,227.0000,229.0000,+0.88,트레일(고점+2.6%),True
2026-07-01 19:19:52,TAIKO,1.76,230.0000,233.0000,+1.30,트레일(고점+2.6%),False
2026-07-01 19:20:19,TAIKO,1.97,234.0000,234.0000,+0.00,트레일(고점+3.4%),False
2026-07-01 19:20:42,TAIKO,1.87,236.0000,244.0000,+3.39,트레일(고점+5.1%),False
2026-07-01 19:21:17,TAIKO,1.70,241.0000,247.0000,+2.49,트레일(고점+3.7%),False
2026-07-01 19:21:38,TAIKO,4.20,243.0000,235.0000,-3.29,손절-1.5%,True
2026-07-01 19:23:13,TAIKO,4.00,244.0000,240.0000,-1.64,손절-1.5%,True
2026-07-01 19:23:26,TAIKO,4.83,240.0000,240.0000,+0.00,트레일(고점+1.2%),True
2026-07-01 19:24:59,TAIKO,6.40,224.0000,226.0000,+0.89,트레일(고점+2.2%),True
2026-07-01 19:25:12,TAIKO,3.08,224.0000,220.0000,-1.79,손절-1.5%,True
2026-07-01 19:26:17,TAIKO,1.53,229.0000,225.0000,-1.75,손절-1.5%,False
2026-07-01 19:26:35,TAIKO,4.39,222.0000,207.0000,-6.76,손절-1.5%,True
2026-07-01 19:27:13,EDGE,2.54,119.0000,117.0000,-1.68,손절-1.5%,False
2026-07-01 19:27:25,TAIKO,2.21,215.0000,218.0000,+1.40,트레일(고점+2.8%),False
2026-07-01 19:27:52,TAIKO,5.10,210.0000,215.0000,+2.38,트레일(고점+4.3%),True
2026-07-01 19:29:15,TAIKO,1.51,217.0000,220.0000,+1.38,트레일(고점+2.8%),False
2026-07-01 19:31:19,TAIKO,2.40,220.0000,222.0000,+0.91,트레일(고점+2.3%),False
2026-07-01 19:34:44,TAIKO,3.11,227.0000,223.0000,-1.76,손절-1.5%,True
2026-07-01 19:37:11,TAIKO,3.23,222.0000,223.0000,+0.45,트레일(고점+1.8%),True
2026-07-01 19:38:27,TAIKO,1.78,220.0000,216.0000,-1.82,손절-1.5%,False
2026-07-01 19:39:50,TAIKO,2.65,218.0000,220.0000,+0.92,트레일(고점+2.3%),False
2026-07-01 19:41:39,TAIKO,3.89,221.0000,217.0000,-1.81,손절-1.5%,True
2026-07-01 19:43:39,TAIKO,2.71,218.0000,218.0000,+0.00,트레일(고점+1.4%),False
2026-07-01 19:47:46,TAIKO,1.99,223.0000,226.0000,+1.35,트레일(고점+2.7%),False
2026-07-01 19:49:35,TAIKO,3.09,223.0000,224.0000,+0.45,트레일(고점+1.8%),True
2026-07-01 19:50:30,TAIKO,2.65,223.0000,223.0000,+0.00,트레일(고점+1.3%),False
2026-07-01 19:52:44,SOON,1.61,249.0000,249.0000,+0.00,타임아웃15분,False
2026-07-01 19:52:53,TAIKO,1.81,224.0000,227.0000,+1.34,트레일(고점+2.7%),False
2026-07-01 19:54:12,TAIKO,2.68,226.0000,227.0000,+0.44,트레일(고점+1.8%),False
2026-07-01 19:56:12,EDGE,1.72,118.0000,116.0000,-1.69,손절-1.5%,False
2026-07-01 19:58:05,TAIKO,1.56,225.0000,220.0000,-2.22,손절-1.5%,False
2026-07-01 20:00:25,TAIKO,2.81,220.0000,222.0000,+0.91,트레일(고점+2.3%),False
2026-07-01 20:03:38,TAIKO,2.79,220.0000,221.0000,+0.45,트레일(고점+1.8%),False
2026-07-01 20:10:15,TAIKO,1.82,221.0000,221.0000,+0.00,트레일(고점+1.8%),False
2026-07-01 20:12:40,TAIKO,1.75,224.0000,228.0000,+1.79,트레일(고점+3.1%),False
2026-07-01 20:19:31,TAIKO,1.70,233.0000,229.0000,-1.72,손절-1.5%,False
2026-07-01 20:20:32,TAIKO,2.55,225.0000,225.0000,+0.00,트레일(고점+1.3%),False
2026-07-01 20:29:19,EDGE,1.75,118.0000,116.0000,-1.69,손절-1.5%,False
2026-07-01 20:32:12,TAIKO,1.65,224.0000,225.0000,+0.45,트레일(고점+1.8%),False
2026-07-01 20:40:24,SAFE,1.63,123.0000,123.0000,+0.00,타임아웃15분,False
2026-07-01 20:43:47,TAIKO,1.62,226.0000,220.0000,-2.65,손절-1.5%,False
2026-07-01 20:47:42,TAIKO,4.43,211.0000,212.0000,+0.47,트레일(고점+1.9%),True
2026-07-01 20:53:08,MOC,1.89,25.9600,25.9800,+0.08,트레일(고점+1.5%),False
2026-07-01 21:05:24,TAIKO,1.63,218.0000,224.0000,+2.75,트레일(고점+4.1%),False
2026-07-01 21:06:14,EDGE,1.75,115.0000,113.0000,-1.74,손절-1.5%,False
2026-07-01 21:12:11,AHT,1.72,1.4470,1.4480,+0.07,타임아웃15분,False
2026-07-01 21:13:18,TAIKO,1.65,219.0000,222.0000,+1.37,트레일(고점+2.7%),False
2026-07-01 21:15:38,TAIKO,1.56,223.0000,228.0000,+2.24,트레일(고점+3.6%),False
2026-07-01 21:17:23,TAIKO,3.33,228.0000,228.0000,+0.00,트레일(고점+1.3%),True
2026-07-01 21:18:02,TAIKO,2.46,230.0000,226.0000,-1.74,손절-1.5%,False
2026-07-01 21:21:10,TAIKO,2.55,227.0000,223.0000,-1.76,손절-1.5%,False
2026-07-01 21:21:41,EDGE,2.66,113.0000,113.0000,+0.00,타임아웃15분,False
2026-07-01 21:22:38,TAIKO,2.52,222.0000,223.0000,+0.45,트레일(고점+1.8%),False
2026-07-01 21:26:04,TAIKO,1.60,224.0000,224.0000,+0.00,트레일(고점+1.3%),False
2026-07-01 21:33:48,BLEND,2.00,99.9300,101.0000,+1.07,트레일(고점+2.1%),False
2026-07-01 21:38:28,TAIKO,1.60,224.0000,227.0000,+1.34,트레일(고점+2.7%),False
2026-07-01 21:40:59,TAIKO,1.98,227.0000,227.0000,+0.00,트레일(고점+1.3%),False
2026-07-01 21:46:02,EDGE,1.77,113.0000,114.0000,+0.88,타임아웃15분,False
2026-07-01 21:50:03,TAIKO,3.23,231.0000,232.0000,+0.43,트레일(고점+1.7%),True
2026-07-01 21:52:11,TAIKO,1.54,230.0000,226.0000,-1.74,손절-1.5%,False
2026-07-01 21:55:15,TAIKO,2.41,228.0000,232.0000,+1.75,트레일(고점+3.1%),False
2026-07-01 22:01:10,TAIKO,1.96,234.0000,230.0000,-1.71,손절-1.5%,False
2026-07-01 22:04:06,TAIKO,1.55,230.0000,226.0000,-1.74,손절-1.5%,False
2026-07-01 22:08:02,TAIKO,2.00,226.0000,222.0000,-1.77,손절-1.5%,False
2026-07-01 22:10:10,TAIKO,1.59,224.0000,226.0000,+0.89,트레일(고점+2.7%),False
2026-07-01 22:10:31,TAIKO,2.89,226.0000,226.0000,+0.00,트레일(고점+1.3%),False
2026-07-01 22:19:04,IN,2.00,101.0000,99.0300,-1.95,손절-1.5%,False
2026-07-01 22:34:29,TAIKO,1.57,225.0000,226.0000,+0.44,트레일(고점+1.8%),False
2026-07-01 22:35:52,BLEND,1.98,99.6300,100.0000,+0.37,트레일(고점+1.4%),False
2026-07-01 22:45:07,TAIKO,2.63,222.0000,222.0000,+0.00,트레일(고점+1.4%),False
2026-07-01 22:48:39,TAIKO,1.63,219.0000,221.0000,+0.91,트레일(고점+2.7%),False
2026-07-01 22:58:49,TAIKO,2.06,223.0000,223.0000,+0.00,트레일(고점+1.3%),False
2026-07-01 23:02:04,EDGE,1.75,115.0000,115.0000,+0.00,타임아웃15분,False
2026-07-01 23:07:04,TAIKO,1.69,214.0000,210.0000,-1.87,손절-1.5%,False
2026-07-01 23:08:24,SAFE,1.59,126.0000,126.0000,+0.00,타임아웃15분,False
2026-07-01 23:29:58,TAIKO,1.74,206.0000,202.0000,-1.94,손절-1.5%,False
2026-07-02 00:09:32,TAIKO,1.76,207.0000,203.0000,-1.93,손절-1.5%,False
2026-07-02 00:19:27,TAIKO,2.19,203.0000,204.0000,+0.49,트레일(고점+2.0%),False
2026-07-02 01:02:44,TAIKO,2.76,198.0000,195.0000,-1.52,손절-1.5%,False
2026-07-02 01:07:34,TAIKO,1.78,192.0000,189.0000,-1.56,손절-1.5%,False
2026-07-02 01:08:56,EDGE,1.69,119.0000,115.0000,-3.36,손절-1.5%,False
2026-07-02 01:14:30,TAIKO,1.79,188.0000,189.0000,+0.53,트레일(고점+1.6%),False
2026-07-02 01:18:44,EDGE,2.63,113.0000,113.0000,+0.00,트레일(고점+1.8%),False
2026-07-02 01:26:11,TAIKO,1.75,190.0000,190.0000,+0.00,트레일(고점+1.1%),False
2026-07-02 01:46:41,TAIKO,2.30,187.0000,188.0000,+0.53,타임아웃15분,False
2026-07-02 01:51:19,TAIKO,1.73,189.0000,186.0000,-1.59,손절-1.5%,False
2026-07-02 01:52:56,IN,2.30,98.9000,100.0000,+1.11,트레일(고점+2.1%),False
2026-07-02 02:13:33,TAIKO,1.81,189.0000,186.0000,-1.59,손절-1.5%,False
2026-07-02 02:31:20,BLEND,1.51,99.0000,98.9700,-0.03,트레일(고점+1.0%),False
2026-07-02 02:40:07,TAIKO,1.73,195.0000,192.0000,-1.54,손절-1.5%,False
2026-07-02 03:16:24,HBAR,1.83,110.0000,110.0000,+0.00,타임아웃15분,False
2026-07-02 03:25:43,TAIKO,1.60,205.0000,201.0000,-1.95,손절-1.5%,False
2026-07-02 03:43:10,TAIKO,2.19,193.0000,193.0000,+0.00,트레일(고점+1.0%),False
2026-07-02 03:43:56,TAIKO,1.69,193.0000,194.0000,+0.52,트레일(고점+1.6%),False
2026-07-02 03:45:22,SLX,1.58,563.0000,594.0000,+5.51,트레일(고점+6.6%),False
2026-07-02 03:53:24,TAIKO,1.69,195.0000,198.0000,+1.54,트레일(고점+2.6%),False
2026-07-02 04:01:04,AHT,2.04,1.4570,1.4570,+0.00,타임아웃15분,False
2026-07-02 04:01:45,SLX,2.18,552.0000,578.0000,+4.71,트레일(고점+6.2%),False
2026-07-02 04:08:47,SLX,3.02,555.0000,577.0000,+3.96,트레일(고점+5.0%),True
2026-07-02 04:14:08,SLX,1.53,582.0000,570.0000,-2.06,손절-1.5%,False
2026-07-02 04:15:25,TAIKO,2.20,198.0000,201.0000,+1.52,트레일(고점+2.5%),False
2026-07-02 04:15:26,ENA,1.85,109.0000,108.0000,-0.92,타임아웃15분,False
2026-07-02 04:28:03,SLX,1.97,556.0000,565.0000,+1.62,트레일(고점+2.7%),False
2026-07-02 04:36:39,TAIKO,2.18,200.0000,197.0000,-1.50,손절-1.5%,False
2026-07-02 04:50:46,TAIKO,1.74,203.0000,203.0000,+0.00,트레일(고점+1.5%),False
2026-07-02 04:57:23,TAIKO,1.65,206.0000,206.0000,+0.00,트레일(고점+1.9%),False
2026-07-02 05:07:43,SAFE,1.56,127.0000,126.0000,-0.79,타임아웃15분,False
2026-07-02 05:11:46,SLX,2.85,555.0000,564.0000,+1.62,트레일(고점+2.7%),False
2026-07-02 05:13:07,EDGE,1.75,113.0000,114.0000,+0.88,타임아웃15분,False
2026-07-02 05:23:19,TAIKO,2.12,202.0000,200.0000,-0.99,타임아웃15분,False
2026-07-02 05:41:40,TAIKO,1.69,199.0000,199.0000,+0.00,트레일(고점+1.0%),False
2026-07-02 05:44:18,TAIKO,1.70,200.0000,197.0000,-1.50,손절-1.5%,False
2026-07-02 06:08:39,TAIKO,2.23,207.0000,207.0000,+0.00,트레일(고점+1.4%),False
2026-07-02 06:33:05,TAIKO,1.61,226.0000,222.0000,-1.77,손절-1.5%,False
2026-07-02 06:36:25,TAIKO,1.67,224.0000,225.0000,+0.45,트레일(고점+1.8%),False
2026-07-02 06:45:51,TAIKO,1.53,242.0000,250.0000,+3.31,트레일(고점+4.5%),False
2026-07-02 07:05:16,TAIKO,2.10,289.0000,293.0000,+1.38,트레일(고점+2.4%),False
2026-07-02 07:06:00,TAIKO,4.31,295.0000,300.0000,+1.69,트레일(고점+2.7%),True
2026-07-02 07:23:37,TAIKO,1.79,303.0000,308.0000,+1.65,트레일(고점+3.0%),False
2026-07-02 07:26:59,TAIKO,2.09,309.0000,304.0000,-1.62,손절-1.5%,False
2026-07-02 07:29:42,EDGE,1.71,116.0000,117.0000,+0.86,타임아웃15분,False
2026-07-02 07:31:45,TAIKO,3.02,308.0000,303.0000,-1.62,손절-1.5%,True
2026-07-02 07:37:45,TAIKO,1.69,316.0000,316.0000,+0.00,트레일(고점+1.9%),False
2026-07-02 07:39:16,TAIKO,1.66,313.0000,313.0000,+0.00,트레일(고점+1.3%),False
2026-07-02 07:41:02,TAIKO,1.70,314.0000,309.0000,-1.59,손절-1.5%,False
2026-07-02 07:44:13,TAIKO,5.32,296.0000,297.0000,+0.34,트레일(고점+1.4%),True
2026-07-02 07:44:41,TAIKO,1.59,298.0000,293.0000,-1.68,손절-1.5%,False
2026-07-02 07:49:17,TAIKO,1.88,302.0000,296.0000,-1.99,손절-1.5%,False
2026-07-02 07:52:04,TAIKO,1.75,296.0000,297.0000,+0.34,트레일(고점+1.4%),False
2026-07-02 07:52:58,TAIKO,2.69,300.0000,302.0000,+0.67,트레일(고점+1.7%),False
2026-07-02 07:54:43,EDGE,1.72,116.0000,115.0000,-0.86,타임아웃15분,False
2026-07-02 07:56:07,TAIKO,1.72,308.0000,302.0000,-1.95,손절-1.5%,False
2026-07-02 07:59:55,TAIKO,2.07,304.0000,299.0000,-1.64,손절-1.5%,False
2026-07-02 08:04:34,TAIKO,2.85,307.0000,302.0000,-1.63,손절-1.5%,False
2026-07-02 08:09:30,AGLD,3.51,257.0000,257.0000,+0.00,타임아웃15분,True
2026-07-02 08:12:27,EDGE,2.61,114.0000,116.0000,+1.75,타임아웃15분,False
2026-07-02 08:21:38,TAIKO,1.69,305.0000,305.0000,+0.00,타임아웃15분,False
2026-07-02 08:27:52,TAIKO,2.14,305.0000,327.0000,+7.21,트레일(고점+8.5%),False
2026-07-02 08:30:12,TAIKO,2.77,325.0000,325.0000,+0.00,트레일(고점+2.8%),False
2026-07-02 08:34:46,TAIKO,3.36,324.0000,329.0000,+1.54,트레일(고점+2.8%),True
2026-07-02 08:39:43,SAFE,1.52,131.0000,132.0000,+0.76,타임아웃15분,False
2026-07-02 08:50:02,TAIKO,1.91,324.0000,325.0000,+0.31,트레일(고점+1.5%),False
2026-07-02 08:59:31,TAIKO,2.84,322.0000,328.0000,+1.86,트레일(고점+3.1%),False
2026-07-02 09:05:23,EDGE,1.67,119.0000,117.0000,-1.68,손절-1.5%,False
2026-07-02 09:06:29,TAIKO,2.16,326.0000,321.0000,-1.53,손절-1.5%,False
2026-07-02 09:11:28,TAIKO,1.58,322.0000,315.0000,-2.17,손절-1.5%,False
2026-07-02 09:14:58,TAIKO,2.48,319.0000,321.0000,+0.63,트레일(고점+1.9%),False
2026-07-02 09:17:13,SLX,1.60,765.0000,765.0000,+0.00,트레일(고점+1.7%),False
2026-07-02 09:17:43,TAIKO,3.15,313.0000,305.0000,-2.56,손절-1.5%,True
2026-07-02 09:18:11,TAIKO,4.11,305.0000,314.0000,+2.95,트레일(고점+4.3%),True
2026-07-02 09:20:12,BLEND,1.98,101.0000,102.0000,+0.99,타임아웃15분,False
2026-07-02 09:21:24,MOC,1.86,26.4500,27.2200,+2.91,트레일(고점+4.0%),False
2026-07-02 09:22:01,TAIKO,3.43,311.0000,313.0000,+0.64,트레일(고점+1.9%),True
2026-07-02 09:23:43,TAIKO,1.95,312.0000,306.0000,-1.92,손절-1.5%,False
2026-07-02 09:28:37,TAIKO,2.25,303.0000,304.0000,+0.33,트레일(고점+1.7%),False
2026-07-02 09:31:48,EDGE,1.74,116.0000,119.0000,+2.59,트레일(고점+5.2%),False
2026-07-02 09:35:09,TAIKO,1.87,312.0000,312.0000,+0.00,트레일(고점+1.3%),False
2026-07-02 09:37:34,TAIKO,3.14,309.0000,318.0000,+2.91,트레일(고점+4.2%),True
2026-07-02 09:37:52,EDGE,1.61,122.0000,124.0000,+1.64,트레일(고점+3.3%),False
2026-07-02 09:41:52,EDGE,1.63,124.0000,122.0000,-1.61,손절-1.5%,False
2026-07-02 09:44:04,TAIKO,1.54,312.0000,312.0000,+0.00,트레일(고점+1.3%),False
2026-07-02 09:44:24,MOC,2.02,27.0000,27.8200,+3.04,트레일(고점+4.7%),False
2026-07-02 09:45:30,SLX,2.30,764.0000,752.0000,-1.57,손절-1.5%,False
2026-07-02 09:45:37,TAIKO,1.89,313.0000,312.0000,-0.32,트레일(고점+1.3%),False
2026-07-02 09:46:41,TAIKO,3.07,312.0000,312.0000,+0.00,트레일(고점+1.3%),True
2026-07-02 09:50:03,TAIKO,1.83,309.0000,310.0000,+0.32,트레일(고점+1.6%),False
2026-07-02 09:56:02,TAIKO,2.15,315.0000,309.0000,-1.90,손절-1.5%,False
2026-07-02 10:00:16,TAIKO,1.91,312.0000,307.0000,-1.60,손절-1.5%,False
2026-07-02 10:00:52,EDGE,1.64,124.0000,122.0000,-1.61,손절-1.5%,False
2026-07-02 10:02:10,RE,1.76,897.0000,909.0000,+1.34,트레일(고점+2.5%),False
2026-07-02 10:04:19,TAIKO,1.90,310.0000,307.0000,-0.97,트레일(고점+1.3%),False
2026-07-02 10:05:16,TAIKO,3.16,307.0000,308.0000,+0.33,트레일(고점+1.6%),True
2026-07-02 10:05:23,TAIKO,1.85,308.0000,302.0000,-1.95,손절-1.5%,False
2026-07-02 10:07:35,TAIKO,1.53,299.0000,301.0000,+0.67,트레일(고점+1.7%),False
2026-07-02 10:12:19,TAIKO,2.20,305.0000,300.0000,-1.64,손절-1.5%,False
2026-07-02 10:18:09,MOC,1.78,27.6200,27.6600,+0.14,트레일(고점+1.3%),False
2026-07-02 10:19:09,TAIKO,2.87,296.0000,296.0000,+0.00,트레일(고점+1.0%),False
2026-07-02 10:20:44,EDGE,1.64,122.0000,120.0000,-1.64,손절-1.5%,False
2026-07-02 10:32:03,TAIKO,1.96,294.0000,289.0000,-1.70,손절-1.5%,False
2026-07-02 10:34:47,MOC,1.83,27.1300,26.6000,-1.95,손절-1.5%,False
2026-07-02 10:36:43,EDGE,2.50,119.0000,121.0000,+1.68,트레일(고점+3.4%),False
2026-07-02 10:37:38,SLX,3.26,703.0000,720.0000,+2.42,트레일(고점+3.7%),True
2026-07-02 10:39:07,ENA,1.83,111.0000,112.0000,+0.90,타임아웃15분,False
2026-07-02 10:44:31,TAIKO,2.55,306.0000,300.0000,-1.96,손절-1.5%,False
2026-07-02 10:47:29,TAIKO,1.86,303.0000,298.0000,-1.65,손절-1.5%,False
2026-07-02 10:55:47,TAIKO,1.50,308.0000,314.0000,+1.95,트레일(고점+3.2%),False
2026-07-02 10:58:32,TAIKO,2.76,314.0000,309.0000,-1.59,손절-1.5%,False
2026-07-02 11:12:19,TAIKO,1.85,308.0000,309.0000,+0.32,트레일(고점+1.6%),False
2026-07-02 11:17:10,HBAR,1.82,111.0000,111.0000,+0.00,타임아웃15분,False
2026-07-02 11:29:48,TAIKO,2.85,305.0000,300.0000,-1.64,손절-1.5%,False
2026-07-02 11:37:20,TAIKO,1.84,302.0000,302.0000,+0.00,트레일(고점+1.7%),False
2026-07-02 11:48:37,TAIKO,1.71,308.0000,301.0000,-2.27,손절-1.5%,False
2026-07-02 11:55:52,EDGE,1.64,123.0000,122.0000,-0.81,타임아웃15분,False
2026-07-02 12:10:46,EDGE,1.65,122.0000,120.0000,-1.64,손절-1.5%,False
2026-07-02 12:15:04,TAIKO,2.07,300.0000,301.0000,+0.33,트레일(고점+1.3%),False
2026-07-02 12:33:35,TAIKO,1.73,312.0000,307.0000,-1.60,손절-1.5%,False
2026-07-02 12:35:15,EDGE,1.67,120.0000,121.0000,+0.83,타임아웃15분,False
2026-07-02 13:03:53,ZBT,1.86,212.0000,213.0000,+0.47,트레일(고점+1.9%),False
2026-07-02 13:04:12,ARDR,2.77,37.7000,37.6500,-0.13,트레일(고점+1.1%),False
2026-07-02 13:10:33,TAIKO,1.72,307.0000,302.0000,-1.63,손절-1.5%,False
2026-07-02 13:17:45,ENA,1.72,117.0000,118.0000,+0.85,타임아웃15분,False
2026-07-02 13:25:28,TAIKO,1.72,306.0000,301.0000,-1.63,손절-1.5%,False
2026-07-02 13:27:07,BIRB,1.61,101.0000,103.0000,+1.98,트레일(고점+4.0%),False
2026-07-02 13:28:33,BIRB,1.98,104.0000,104.0000,+0.00,트레일(고점+1.9%),False
2026-07-02 13:30:55,BIRB,1.95,105.0000,109.0000,+3.81,트레일(고점+5.7%),False
2026-07-02 13:34:36,TAIKO,2.21,300.0000,295.0000,-1.67,손절-1.5%,False
2026-07-02 13:34:40,BIRB,2.77,110.0000,114.0000,+3.64,트레일(고점+5.5%),False
2026-07-02 13:35:35,BIRB,1.74,116.0000,119.0000,+2.59,트레일(고점+4.3%),False
2026-07-02 13:36:28,BIRB,1.67,120.0000,125.0000,+4.17,트레일(고점+5.8%),False
2026-07-02 13:36:47,BIRB,2.38,125.0000,125.0000,+0.00,트레일(고점+1.6%),False
2026-07-02 13:37:52,BIRB,1.50,129.0000,127.0000,-1.55,손절-1.5%,False
2026-07-02 13:38:22,BIRB,7.00,124.0000,125.0000,+0.81,트레일(고점+2.4%),True
2026-07-02 13:39:31,TAIKO,1.61,293.0000,288.0000,-1.71,손절-1.5%,False
2026-07-02 13:41:11,BIRB,1.65,127.0000,129.0000,+1.57,트레일(고점+3.1%),False
2026-07-02 13:42:12,BIRB,3.15,129.0000,127.0000,-1.55,손절-1.5%,True
2026-07-02 13:45:46,BIRB,2.31,131.0000,132.0000,+0.76,트레일(고점+2.3%),False
2026-07-02 13:46:49,BIRB,1.56,132.0000,130.0000,-1.52,손절-1.5%,False
2026-07-02 13:48:19,BIRB,3.93,127.0000,128.0000,+0.79,트레일(고점+2.4%),True
2026-07-02 13:49:30,BIRB,1.59,128.0000,128.0000,+0.00,트레일(고점+1.6%),False
2026-07-02 13:51:00,BIRB,2.38,127.0000,125.0000,-1.57,손절-1.5%,False
2026-07-02 13:53:11,BIRB,1.61,126.0000,124.0000,-1.59,손절-1.5%,False
2026-07-02 13:54:24,WET,1.78,100.0000,100.0000,+0.00,트레일(고점+1.0%),False
2026-07-02 13:55:44,BIRB,2.42,125.0000,135.0000,+8.00,트레일(고점+9.6%),False
2026-07-02 13:58:59,ENA,1.72,117.0000,117.0000,+0.00,타임아웃15분,False
2026-07-02 13:59:34,TAIKO,2.98,270.0000,271.0000,+0.37,트레일(고점+1.5%),False
2026-07-02 13:59:40,BIRB,2.24,137.0000,144.0000,+5.11,트레일(고점+6.6%),False
2026-07-02 14:00:28,BIRB,2.70,145.0000,147.0000,+1.38,트레일(고점+2.8%),False
2026-07-02 14:00:43,BIRB,2.64,147.0000,148.0000,+0.68,트레일(고점+2.7%),False
2026-07-02 14:00:51,TAIKO,1.90,269.0000,267.0000,-0.74,트레일(고점+1.1%),False
2026-07-02 14:02:04,BIRB,4.12,145.0000,142.0000,-2.07,손절-1.5%,True
2026-07-02 14:03:36,ZBT,2.49,199.0000,203.0000,+2.01,트레일(고점+3.0%),False
2026-07-02 14:04:41,BIRB,4.79,145.0000,138.0000,-4.83,손절-1.5%,True
2026-07-02 14:04:56,BIRB,5.74,141.0000,138.0000,-2.13,손절-1.5%,True
2026-07-02 14:09:44,EDGE,1.71,118.0000,116.0000,-1.69,손절-1.5%,False
2026-07-02 14:14:51,WET,1.98,101.0000,100.0000,-0.99,타임아웃15분,False
2026-07-02 14:20:03,TAIKO,1.89,270.0000,273.0000,+1.11,트레일(고점+2.2%),False
2026-07-02 14:20:05,BIRB,2.17,139.0000,144.0000,+3.60,트레일(고점+5.0%),False
2026-07-02 14:21:01,SLX,1.99,752.0000,756.0000,+0.53,트레일(고점+1.7%),False
2026-07-02 14:22:30,BIRB,2.11,142.0000,149.0000,+4.93,트레일(고점+6.3%),False
2026-07-02 14:23:38,BIRB,1.97,151.0000,155.0000,+2.65,트레일(고점+4.0%),False
2026-07-02 14:24:13,BIRB,1.88,156.0000,157.0000,+0.64,트레일(고점+1.9%),False
2026-07-02 14:24:25,BIO,2.00,44.5500,44.8200,+0.61,트레일(고점+2.1%),False
2026-07-02 14:25:47,BIRB,4.54,152.0000,152.0000,+0.00,트레일(고점+1.3%),True
2026-07-02 14:29:41,BIRB,3.18,155.0000,156.0000,+0.65,트레일(고점+1.9%),True
2026-07-02 14:31:04,BIRB,1.90,156.0000,161.0000,+3.21,트레일(고점+4.5%),False
2026-07-02 14:34:31,BIRB,2.40,161.0000,165.0000,+2.48,트레일(고점+3.7%),False
2026-07-02 14:34:42,TAIKO,2.36,270.0000,269.0000,-0.37,트레일(고점+2.6%),False
2026-07-02 14:38:06,BIRB,3.15,158.0000,159.0000,+0.63,트레일(고점+2.5%),True
2026-07-02 14:39:29,BIRB,3.75,159.0000,155.0000,-2.52,손절-1.5%,True
2026-07-02 14:41:21,EDGE,1.72,116.0000,118.0000,+1.72,타임아웃15분,False
2026-07-02 14:41:41,BIRB,3.98,151.0000,150.0000,-0.66,트레일(고점+1.3%),True
2026-07-02 14:45:26,TAIKO,1.92,276.0000,288.0000,+4.35,트레일(고점+5.4%),False
2026-07-02 14:50:03,BIRB,2.05,147.0000,148.0000,+0.68,트레일(고점+2.0%),False
2026-07-02 14:52:52,BIRB,1.97,153.0000,150.0000,-1.96,손절-1.5%,False
2026-07-02 14:53:37,BIRB,5.42,146.0000,146.0000,+0.00,트레일(고점+1.4%),True
2026-07-02 14:56:46,TAIKO,1.56,284.0000,290.0000,+2.11,트레일(고점+3.2%),False
2026-07-02 14:57:03,BIRB,2.04,147.0000,148.0000,+0.68,트레일(고점+2.0%),False
2026-07-02 14:57:46,BIRB,2.10,146.0000,143.0000,-2.05,손절-1.5%,False
2026-07-02 15:00:01,TAIKO,1.55,291.0000,286.0000,-1.72,손절-1.5%,False
2026-07-02 15:00:56,BIRB,2.14,144.0000,141.0000,-2.08,손절-1.5%,False
2026-07-02 15:11:22,BIRB,2.88,137.0000,137.0000,+0.00,트레일(고점+1.5%),False
2026-07-02 15:12:40,ENA,2.62,114.0000,114.0000,+0.00,트레일(고점+1.8%),False
2026-07-02 15:13:50,BIRB,2.19,135.0000,136.0000,+0.74,트레일(고점+2.2%),False
2026-07-02 15:17:35,WET,1.71,99.3900,100.0000,+0.61,타임아웃15분,False
2026-07-02 15:30:50,BIRB,2.08,143.0000,144.0000,+0.70,트레일(고점+2.1%),False
2026-07-02 15:40:22,TAIKO,1.98,274.0000,269.0000,-1.82,손절-1.5%,False
2026-07-02 15:47:54,BIRB,2.16,137.0000,137.0000,+0.00,트레일(고점+1.5%),False
2026-07-02 15:51:28,BIRB,2.19,134.0000,134.0000,+0.00,트레일(고점+1.5%),False
2026-07-02 16:05:24,EDGE,1.72,116.0000,114.0000,-1.72,손절-1.5%,False
2026-07-02 16:05:55,TAIKO,1.61,271.0000,271.0000,+0.00,트레일(고점+1.1%),False
2026-07-02 16:06:06,BIRB,1.59,125.0000,125.0000,+0.00,트레일(고점+1.6%),False
2026-07-02 16:06:51,BIRB,1.56,127.0000,125.0000,-1.57,손절-1.5%,False
2026-07-02 16:09:23,BIRB,1.55,126.0000,127.0000,+0.79,트레일(고점+2.4%),False
2026-07-02 16:11:55,BIRB,1.53,128.0000,129.0000,+0.78,트레일(고점+2.3%),False
2026-07-02 16:12:29,BIRB,1.54,131.0000,129.0000,-1.53,손절-1.5%,False
2026-07-02 16:13:46,BIRB,4.59,129.0000,127.0000,-1.55,손절-1.5%,True
2026-07-02 16:17:31,BIRB,1.54,130.0000,126.0000,-3.08,손절-1.5%,False
2026-07-02 16:17:55,BIRB,4.69,126.0000,124.0000,-1.59,손절-1.5%,True
2026-07-02 16:18:55,BIRB,1.63,125.0000,123.0000,-1.60,손절-1.5%,False
2026-07-02 16:20:04,TAIKO,1.60,267.0000,267.0000,+0.00,트레일(고점+1.1%),False
2026-07-02 16:23:44,BIRB,1.64,124.0000,125.0000,+0.81,트레일(고점+2.4%),False
2026-07-02 16:23:55,EDGE,1.72,115.0000,112.0000,-2.61,손절-1.5%,False
2026-07-02 16:26:10,BIRB,1.57,127.0000,129.0000,+1.57,트레일(고점+3.1%),False
2026-07-02 16:28:13,TAIKO,1.99,269.0000,269.0000,+0.00,트레일(고점+1.1%),False
2026-07-02 16:29:12,ARDR,1.51,36.5500,36.5200,-0.08,트레일(고점+1.1%),False
2026-07-02 16:29:33,BIRB,2.33,128.0000,126.0000,-1.56,손절-1.5%,False
2026-07-02 16:31:01,TAIKO,1.58,267.0000,261.0000,-2.25,손절-1.5%,False
2026-07-02 16:32:52,ARDR,3.27,36.5200,37.1200,+1.64,트레일(고점+3.8%),True
2026-07-02 16:33:13,BIRB,1.55,127.0000,128.0000,+0.79,트레일(고점+2.4%),False
2026-07-02 16:37:18,PYTH,2.64,61.4200,61.4000,-0.03,트레일(고점+1.0%),False
2026-07-02 16:40:49,BIRB,1.57,127.0000,128.0000,+0.79,트레일(고점+2.4%),False
2026-07-02 16:44:58,TAIKO,1.61,258.0000,263.0000,+1.94,트레일(고점+3.5%),False
2026-07-02 16:48:53,BIRB,1.57,128.0000,126.0000,-1.56,손절-1.5%,False
2026-07-02 16:58:11,BIRB,2.41,124.0000,127.0000,+2.42,트레일(고점+4.0%),False
2026-07-02 16:58:46,ARDR,1.58,37.1000,36.7900,-0.84,타임아웃15분,False
2026-07-02 17:03:36,BIRB,1.59,128.0000,130.0000,+1.56,트레일(고점+3.1%),False
2026-07-02 17:07:05,BIRB,2.28,132.0000,130.0000,-1.52,손절-1.5%,False
2026-07-02 17:08:40,BIRB,3.04,130.0000,133.0000,+2.31,트레일(고점+3.8%),True
2026-07-02 17:12:41,BIRB,1.53,131.0000,131.0000,+0.00,트레일(고점+1.5%),False
2026-07-02 17:14:52,BIRB,1.53,132.0000,130.0000,-1.52,손절-1.5%,False
2026-07-02 17:20:28,BIRB,1.54,130.0000,131.0000,+0.77,트레일(고점+2.3%),False
2026-07-02 17:22:01,BIRB,1.54,131.0000,129.0000,-1.53,손절-1.5%,False
2026-07-02 17:29:19,BIRB,1.54,130.0000,132.0000,+1.54,트레일(고점+3.1%),False
2026-07-02 17:29:25,VVV,1.57,19850.0000,19710.0000,-0.71,타임아웃15분,False
2026-07-02 17:35:09,BIRB,1.52,132.0000,132.0000,+0.00,트레일(고점+1.5%),False
2026-07-02 17:41:52,BIRB,2.29,130.0000,128.0000,-1.54,손절-1.5%,False
2026-07-02 17:43:34,BIRB,1.55,128.0000,126.0000,-1.56,손절-1.5%,False
2026-07-02 17:43:55,TAIKO,1.60,257.0000,253.0000,-1.56,손절-1.5%,False
2026-07-02 17:45:48,BIRB,1.55,127.0000,127.0000,+0.00,트레일(고점+1.6%),False
2026-07-02 17:48:43,WET,2.88,103.0000,104.0000,+0.97,타임아웃15분,False
2026-07-02 17:51:55,TAIKO,1.59,252.0000,253.0000,+0.40,트레일(고점+1.6%),False
2026-07-02 17:54:14,BIRB,1.57,126.0000,128.0000,+1.59,트레일(고점+3.2%),False
2026-07-02 18:01:14,BIRB,1.55,128.0000,128.0000,+0.00,트레일(고점+1.6%),False
2026-07-02 18:05:26,TAIKO,2.36,261.0000,263.0000,+0.77,트레일(고점+1.9%),False
2026-07-02 18:06:02,BIRB,1.56,128.0000,129.0000,+0.78,트레일(고점+2.3%),False
2026-07-02 18:08:51,TAIKO,1.88,265.0000,261.0000,-1.51,손절-1.5%,False
2026-07-02 18:15:21,BIRB,2.34,128.0000,131.0000,+2.34,트레일(고점+3.9%),False
2026-07-02 18:16:01,TAIKO,2.24,260.0000,255.0000,-1.92,손절-1.5%,False
2026-07-02 18:17:01,ENA,1.72,117.0000,116.0000,-0.85,타임아웃15분,False
2026-07-02 18:17:27,TAIKO,2.50,252.0000,254.0000,+0.79,트레일(고점+2.0%),False
2026-07-02 18:19:38,TAIKO,2.13,251.0000,253.0000,+0.80,트레일(고점+2.0%),False
2026-07-02 18:21:53,BIRB,2.31,129.0000,134.0000,+3.88,트레일(고점+5.4%),False
2026-07-02 18:22:22,TAIKO,2.13,252.0000,252.0000,+0.00,트레일(고점+1.2%),False
2026-07-02 18:25:13,TAIKO,2.95,250.0000,251.0000,+0.40,트레일(고점+1.6%),False
2026-07-02 18:25:49,TAIKO,2.96,249.0000,250.0000,+0.40,트레일(고점+1.6%),False
2026-07-02 18:26:27,TAIKO,1.52,251.0000,247.0000,-1.59,손절-1.5%,False
2026-07-02 18:27:26,TAIKO,2.22,247.0000,243.0000,-1.62,손절-1.5%,False
2026-07-02 18:29:00,TAIKO,2.66,244.0000,244.0000,+0.00,트레일(고점+1.2%),False
2026-07-02 18:30:49,BIRB,1.52,132.0000,130.0000,-1.52,손절-1.5%,False
2026-07-02 18:37:34,TAIKO,2.15,249.0000,249.0000,+0.00,트레일(고점+1.2%),False
2026-07-02 18:40:20,TAIKO,1.83,246.0000,241.0000,-2.03,손절-1.5%,False
2026-07-02 18:44:38,TAIKO,2.20,238.0000,234.0000,-1.68,손절-1.5%,False
2026-07-02 18:46:47,BIRB,2.22,136.0000,137.0000,+0.74,트레일(고점+2.2%),False
2026-07-02 18:49:25,EDGE,1.71,118.0000,116.0000,-1.69,손절-1.5%,False
2026-07-02 18:58:44,TAIKO,1.81,234.0000,234.0000,+0.00,트레일(고점+1.3%),False
2026-07-02 19:02:03,TAIKO,1.79,229.0000,234.0000,+2.18,트레일(고점+3.5%),False
2026-07-02 19:02:34,TAIKO,3.28,230.0000,226.0000,-1.74,손절-1.5%,True
2026-07-02 19:02:44,TAIKO,3.73,227.0000,222.0000,-2.20,손절-1.5%,True
2026-07-02 19:03:38,TAIKO,5.41,222.0000,223.0000,+0.45,트레일(고점+1.8%),True
2026-07-02 19:05:41,TAIKO,3.32,224.0000,224.0000,+0.00,트레일(고점+1.3%),True
2026-07-02 19:14:24,TAIKO,1.99,218.0000,223.0000,+2.29,트레일(고점+3.7%),False
2026-07-02 19:22:39,EDGE,1.68,118.0000,116.0000,-1.69,손절-1.5%,False
2026-07-02 19:34:22,TAIKO,1.54,225.0000,227.0000,+0.89,트레일(고점+2.2%),False
2026-07-02 19:42:12,TAIKO,1.97,241.0000,237.0000,-1.66,손절-1.5%,False
2026-07-02 19:48:02,TAIKO,1.55,235.0000,240.0000,+2.13,트레일(고점+3.4%),False
2026-07-02 19:58:56,JUP,1.94,359.0000,361.0000,+0.56,트레일(고점+1.7%),False
2026-07-02 20:01:30,BIRB,1.57,128.0000,126.0000,-1.56,손절-1.5%,False
2026-07-02 20:03:09,BIRB,1.57,128.0000,126.0000,-1.56,손절-1.5%,False
2026-07-02 20:04:11,BIRB,1.57,128.0000,127.0000,-0.78,트레일(고점+1.6%),False
2026-07-02 20:23:34,BIRB,1.54,129.0000,133.0000,+3.10,트레일(고점+4.7%),False
2026-07-02 20:24:14,TAIKO,1.92,234.0000,240.0000,+2.56,타임아웃15분,False
2026-07-02 20:30:28,BIRB,2.25,133.0000,134.0000,+0.75,트레일(고점+2.3%),False
2026-07-02 20:38:16,BIRB,2.25,133.0000,135.0000,+1.50,트레일(고점+3.0%),False
2026-07-02 20:38:59,ZBT,1.97,202.0000,203.0000,+0.50,트레일(고점+2.0%),False
2026-07-02 20:43:39,EDGE,1.72,116.0000,114.0000,-1.72,손절-1.5%,False
2026-07-02 20:53:12,TAIKO,1.83,246.0000,250.0000,+1.63,트레일(고점+2.8%),False
2026-07-02 20:54:43,BIRB,1.52,133.0000,133.0000,+0.00,트레일(고점+1.5%),False
2026-07-02 20:58:41,TAIKO,2.52,248.0000,250.0000,+0.81,트레일(고점+2.0%),False
2026-07-02 20:59:57,TAIKO,1.74,259.0000,262.0000,+1.16,트레일(고점+2.3%),False
2026-07-02 21:00:35,TAIKO,5.90,254.0000,254.0000,+0.00,트레일(고점+1.2%),True
2026-07-02 21:04:47,TAIKO,1.74,259.0000,255.0000,-1.54,손절-1.5%,False
2026-07-02 21:06:24,TAIKO,1.85,255.0000,255.0000,+0.00,트레일(고점+1.2%),False
2026-07-02 21:06:45,BIRB,1.53,132.0000,136.0000,+3.03,트레일(고점+4.5%),False
2026-07-02 21:08:31,TAIKO,2.33,254.0000,250.0000,-1.57,손절-1.5%,False
2026-07-02 21:28:35,TAIKO,2.32,243.0000,243.0000,+0.00,트레일(고점+1.2%),False
2026-07-02 21:30:32,TAIKO,1.92,241.0000,241.0000,+0.00,트레일(고점+1.2%),False
2026-07-02 21:35:08,TAIKO,2.03,240.0000,235.0000,-2.08,손절-1.5%,False
2026-07-02 21:40:19,BIRB,1.50,133.0000,134.0000,+0.75,트레일(고점+2.3%),False
2026-07-02 21:47:04,TAIKO,1.52,234.0000,234.0000,+0.00,트레일(고점+1.3%),False
2026-07-02 21:54:11,BIRB,1.52,133.0000,140.0000,+5.26,트레일(고점+6.8%),False
2026-07-02 21:56:19,BIRB,2.16,140.0000,140.0000,+0.00,트레일(고점+1.4%),False
2026-07-02 22:07:34,ENA,1.72,117.0000,117.0000,+0.00,타임아웃15분,False
2026-07-02 22:11:06,EDGE,1.71,118.0000,118.0000,+0.00,타임아웃15분,False
2026-07-02 22:19:48,TAIKO,1.85,243.0000,239.0000,-1.65,손절-1.5%,False
2026-07-02 22:45:26,TAIKO,3.30,218.0000,218.0000,+0.00,트레일(고점+1.4%),True
2026-07-02 22:47:02,DOGE,1.79,113.0000,114.0000,+0.88,타임아웃15분,False
2026-07-02 22:51:04,ENA,1.69,119.0000,120.0000,+0.84,타임아웃15분,False
2026-07-02 23:18:49,TAIKO,2.47,218.0000,220.0000,+0.92,타임아웃15분,False
2026-07-02 23:35:23,BIRB,2.17,138.0000,135.0000,-2.17,손절-1.5%,False
2026-07-02 23:38:12,DOGE,2.67,112.0000,112.0000,+0.00,타임아웃15분,False
2026-07-02 23:40:35,EDGE,1.71,116.0000,114.0000,-1.72,손절-1.5%,False
2026-07-02 23:41:10,ENA,1.72,117.0000,117.0000,+0.00,타임아웃15분,False
2026-07-02 23:44:29,TAIKO,1.52,217.0000,217.0000,+0.00,트레일(고점+1.4%),False
2026-07-03 00:00:25,TAIKO,1.52,217.0000,218.0000,+0.46,트레일(고점+2.3%),False
2026-07-03 00:41:22,EDGE,1.71,116.0000,117.0000,+0.86,타임아웃15분,False
2026-07-03 01:17:22,EDGE,1.71,115.0000,117.0000,+1.74,타임아웃15분,False
2026-07-03 01:19:28,BIRB,1.52,132.0000,129.0000,-2.27,손절-1.5%,False
2026-07-03 01:27:05,BIRB,1.55,129.0000,131.0000,+1.55,트레일(고점+3.1%),False
