date,symbol,side,entry,exit,exit_reason,net_pnl_pct_notional,adverse_pct,favorable_pct,close_ret_pct,range_pct,alt30_regime,regime_down
2026-09-28,ZECUSDT,S,1575.53,1482.85,close,6.1301,1.569,8.475,6.1301,6.757,0.3659,0
2026-09-28,XRPUSDT,S,1.5019,1.4961,close,0.2677,1.984,2.211,0.2677,2.916,0.3659,0
2026-09-28,DOGEUSDT,S,0.09535,0.09389,close,1.435,1.846,4.122,1.435,3.744,0.3659,0
2026-09-28,LSKUSDT,S,0.30583,0.30574,close,-0.0906,9.914,1.792,-0.0906,11.627,0.3659,0
2026-09-28,1000PEPEUSDT,S,0.0042933,0.004211,close,1.8344,1.696,4.472,1.8344,4.076,0.3659,0
2026-09-28,ADAUSDT,S,0.2496,0.2472,close,0.8509,1.683,4.127,0.8509,3.966,0.3659,0
2026-09-28,LINKUSDT,S,13.899,14.483,stop,-4.1523,11.677,2.72,-10.1181,4.202,0.3659,0
2026-09-28,TAOUSDT,S,317.05,308.07,close,2.7949,1.82,7.182,2.7949,6.337,0.3659,0
2026-09-29,AKEUSDT,L,0.033217,0.030389,close,-8.6337,9.667,1.581,-8.6337,16.961,0.2889,0
2026-09-30,LSKUSDT,S,0.29108,0.28508,close,1.9847,1.309,3.614,1.9847,9.588,0.3442,0
2026-09-30,ENAUSDT,L,0.26118,0.26473,close,1.2392,3.438,7.627,1.2392,7.446,0.3442,0
2026-09-30,AKEUSDT,L,0.033742,0.031683,close,-6.2222,9.478,14.323,-6.2222,12.451,0.3442,0
2026-09-30,WLDUSDT,L,0.5222,0.5353,close,2.3886,2.604,9.383,2.3886,12.205,0.3442,0
2026-10-01,SUIUSDT,S,1.138,1.1767,close,-3.4089,5.299,1.16,-3.4089,6.494,0.3788,0
2026-10-02,XRPUSDT,L,1.5099,1.4732,stop,-2.5506,4.464,3.0,-1.8353,2.491,0.3702,0
2026-10-02,DOGEUSDT,S,0.09341,0.09608,stop,-2.8989,4.903,3.501,0.4398,2.858,0.3702,0
2026-10-02,SUIUSDT,L,1.1983,1.1248,stop,-6.2537,7.928,1.677,-4.5262,6.534,0.3702,0
2026-10-02,AKEUSDT,L,0.033567,0.032073,close,-4.5708,6.584,0.819,-4.5708,9.707,0.3702,0
2026-10-02,ARBUSDT,L,0.20832,0.19608,stop,-5.9956,9.682,0.278,-6.1156,6.242,0.3702,0
2026-10-02,LINKUSDT,L,14.549,14.128,stop,-3.0137,9.788,0.66,-5.3575,2.98,0.3702,0
2026-10-02,TAOUSDT,L,312.4,299.5,stop,-4.2493,9.811,1.29,-6.6725,4.307,0.3702,0
2026-10-03,QNTUSDT,L,261.46,256.48,close,-2.0247,5.852,3.098,-2.0247,17.405,0.3246,0
2026-10-03,AKEUSDT,L,0.033842,0.034789,close,2.6783,7.204,8.093,2.6783,9.094,0.3246,0
