entry_time,exit_time,symbol,rsi,vol_mult,chg24,entry_price,exit_price,pnl_pct,mfe_pct,mae_pct,reason
2026-07-13T05:49:41.161447+09:00,2026-07-13T09:51:17.859087+09:00,XAUTUSDT,94.0,3.1,-0.2,4098.4,4067.66,0.53,0.83,-0.0,4h만기
2026-07-13T05:56:00.286055+09:00,2026-07-13T09:57:42.857035+09:00,STORJUSDT,95.5,12.1,0.0,0.077,0.075,2.38,4.42,-4.29,4h만기
2026-07-13T21:17:40.767498+09:00,2026-07-14T01:24:39.982256+09:00,MUBARAKUSDT,92.1,3.2,2.5,0.01332,0.01328,0.08,3.53,-1.5,4h만기
2026-07-14T09:34:57.449791+09:00,2026-07-14T13:41:14.130672+09:00,METISUSDT,94.9,131.2,-2.4,2.81,2.76,1.56,2.85,0.0,4h만기
2026-07-14T16:28:23.723515+09:00,2026-07-14T20:34:38.412411+09:00,FFUSDT,92.6,16.6,3.1,0.06298,0.06355,-1.13,0.4,-5.94,4h만기
2026-07-14T21:44:28.673645+09:00,2026-07-15T01:50:49.647263+09:00,GUSDT,92.9,4.9,3.2,0.00352,0.00361,-2.78,0.57,-2.56,4h만기
2026-07-15T22:07:45.794709+09:00,2026-07-16T05:50:00.568070+09:00,RSRUSDT,95.2,31.6,1.1,0.001266,0.001246,1.38,1.9,0.0,4h만기(PC재부팅으로 지연+수동/봇 이중청산 겹침 → 실체결 기준 통합정산)
2026-07-17T04:42:56.169378+09:00,2026-07-17T08:48:21.515589+09:00,JUVUSDT,92.2,3.6,9.5,0.361,0.332,7.81,8.31,0.0,4h만기
2026-07-18T11:52:04.345114+09:00,2026-07-18T19:52:29.114691+09:00,PAXGUSDT,97.6,3.2,0.8,4008.05,4013.26,-0.37,0.0,-0.15,8h만기
2026-07-20T17:37:49.101124+09:00,2026-07-21T01:38:51.802641+09:00,CTSIUSDT,96.2,8.0,6.8,0.02415,0.02332,3.2,4.68,0.0,8h만기
2026-07-22T03:54:18.278099+09:00,2026-07-22T11:57:49.392878+09:00,FILUSDT,94.0,10.8,7.1,0.78,0.772,0.79,1.92,0.0,8h만기
2026-07-23T01:09:57.678347+09:00,2026-07-23T09:03:13.690009+09:00,SHELLUSDT,94.2,285.3,1.4,0.0232,0.021,9.24,9.91,0.0,8h만기
2026-07-25T21:44:08.114146+09:00,2026-07-26T05:53:30.501701+09:00,ATMUSDT,93.2,34.1,13.7,1.896,1.874,0.92,4.54,-9.7,8h만기
2026-07-26T13:53:13.472503+09:00,2026-07-26T22:01:35.538617+09:00,FFUSDT,92.1,14.5,-0.3,0.06087,0.06055,0.29,0.74,-0.48,8h만기
2026-07-26T14:28:19.417989+09:00,2026-07-26T22:26:40.560850+09:00,EGLDUSDT,94.4,41.0,1.4,2.89,2.85,1.14,1.38,-0.69,8h만기
2026-07-27T01:57:23.165688+09:00,2026-07-27T09:58:41.203065+09:00,ETCUSDT,96.7,7.1,7.0,7.19,7.07,1.43,1.95,0.0,8h만기
2026-07-27T07:03:24.023731+09:00,2026-07-27T15:08:59.396063+09:00,PAXGUSDT,96.5,52.1,0.4,4089.0,4088.48,-0.23,0.24,-0.36,8h만기
2026-07-27T14:21:01.163379+09:00,2026-07-27T22:29:16.847887+09:00,FFUSDT,94.7,7.9,2.8,0.06312,0.0612,2.8,3.28,0.0,8h만기
2026-07-28T05:52:36.181839+09:00,2026-07-28T14:00:54.359503+09:00,ACHUSDT,94.7,19.4,3.1,0.00432,0.00445,-3.25,2.31,-3.24,8h만기
2026-07-28T19:18:31.959627+09:00,2026-07-29T03:18:16.404180+09:00,GPSUSDT,94.1,4.3,4.6,0.00955,0.00971,-1.92,1.88,-1.68,8h만기
2026-07-30T19:37:03.844239+09:00,2026-07-31T03:35:17.264063+09:00,GIGGLEUSDT,93.1,4.0,5.0,27.39,30.41,-11.27,3.5,-11.03,8h만기
2026-07-30T23:17:17.084167+09:00,2026-07-31T07:12:12.942872+09:00,VETUSDT,94.9,7.9,5.2,0.00482,0.004716,1.92,2.39,-0.52,8h만기
2026-07-31T16:29:06.320882+09:00,2026-08-01T00:28:41.965090+09:00,MUBARAKUSDT,92.1,4.6,14.7,0.01296,0.01374,-6.26,1.23,-6.02,8h만기
2026-08-01T17:45:03.067627+09:00,2026-08-02T01:46:28.244487+09:00,XAUTUSDT,93.7,5.0,-0.3,4042.1,4039.85,-0.18,0.06,-0.0,8h만기
2026-08-02T09:03:01.849923+09:00,2026-08-02T17:10:36.014347+09:00,KERNELUSDT,93.4,499.1,2.2,0.0329,0.0318,3.1,3.34,-1.52,8h만기
2026-08-03T00:49:27.446821+09:00,2026-08-03T08:48:57.673772+09:00,PORTALUSDT,94.1,24.8,17.5,0.01119,0.01046,6.28,6.52,-4.56,8h만기
2026-08-05T04:08:28.221237+09:00,2026-08-07T00:54:40.759578+09:00,BIOUSDT,92.3,5.5,3.3,0.02296,0.02415,-5.42,0.39,-5.18,8h만기
2026-08-07T11:13:37.916154+09:00,2026-08-07T19:12:36.654651+09:00,KMNOUSDT,95.4,24.9,15.0,0.02085,0.02061,0.91,6.14,-6.81,8h만기
2026-08-09T08:09:06.934490+09:00,2026-08-09T16:10:48.237640+09:00,XAUTUSDT,94.8,3.2,-0.0,4334.24,4331.61,-0.18,0.11,0.0,8h만기
2026-08-09T13:14:31.854513+09:00,2026-08-09T21:14:37.938004+09:00,METISUSDT,93.3,71.2,2.8,2.57,2.55,0.54,1.17,-0.78,8h만기
2026-08-10T04:55:00.005894+09:00,2026-08-10T12:59:05.095446+09:00,ASTERUSDT,93.9,13.5,0.8,0.612,0.611,-0.08,0.33,-1.14,8h만기
2026-08-11T07:02:36.626230+09:00,2026-08-11T15:04:37.460570+09:00,RADUSDT,98.1,3.2,25.8,0.263,0.283,-7.84,11.41,-7.6,8h만기
2026-08-11T13:02:19.270378+09:00,2026-08-11T21:05:37.831077+09:00,ARPAUSDT,94.1,20.0,1.3,0.00905,0.00895,0.86,1.44,-2.87,8h만기
2026-08-11T18:09:05.261838+09:00,2026-08-12T02:12:20.213183+09:00,TWTUSDT,92.1,3.2,1.6,0.3905,0.3921,-0.65,0.41,-1.66,8h만기
2026-08-11T21:31:10.552185+09:00,2026-08-12T05:34:23.307564+09:00,USTCUSDT,95.6,9.9,6.1,0.00534,0.00515,3.32,3.75,-2.43,8h만기
2026-08-12T21:49:42.943175+09:00,2026-08-13T05:52:32.203089+09:00,ENJUSDT,92.6,35.0,2.2,0.02531,0.02498,1.06,1.82,-0.91,8h만기
2026-08-13T13:03:02.680578+09:00,2026-08-13T21:05:26.374490+09:00,SEIUSDT,92.6,11.3,2.8,0.04125,0.04134,-0.46,0.15,-1.7,8h만기
2026-08-14T04:38:27.582836+09:00,2026-08-14T19:18:12.220175+09:00,AWEUSDT,92.3,3.3,3.6,0.06058,0.06134,-1.49,0.76,-2.34,8h만기
2026-08-15T01:27:30.046277+09:00,2026-08-15T09:29:47.836808+09:00,SLPUSDT,92.2,30.2,5.9,0.000557,0.000533,4.07,4.31,-2.33,8h만기
2026-08-15T18:02:37.461840+09:00,2026-08-16T02:05:07.991766+09:00,COWUSDT,99.4,56.7,25.6,0.1255,0.1409,-12.51,0.0,-50.92,8h만기
2026-08-16T06:24:22.077441+09:00,2026-08-16T14:28:37.133483+09:00,SUNUSDT,100.0,19.4,-0.2,0.01805,0.01793,0.42,0.78,0.0,8h만기
2026-08-16T14:29:27.792364+09:00,2026-08-16T22:34:01.875684+09:00,XAUTUSDT,97.8,15.5,0.0,4364.87,4359.5,-0.12,0.14,-0.01,8h만기
2026-08-16T23:24:08.801922+09:00,2026-08-17T07:28:34.967801+09:00,GIGGLEUSDT,95.2,18.9,19.0,36.68,31.86,12.9,13.41,0.0,8h만기
2026-08-19T00:07:02.153168+09:00,2026-08-19T08:07:01.167646+09:00,GNOUSDT,96.6,153.4,16.5,124.66,108.3,12.88,15.38,-6.01,8h만기
2026-08-19T03:12:13.785170+09:00,2026-08-19T11:14:18.654147+09:00,THETAUSDT,92.6,8.4,3.8,0.1428476758045292,0.1426,-0.07,1.78,-0.6,8h만기
2026-08-19T11:51:04.696241+09:00,2026-08-19T19:52:00.025644+09:00,SOMIUSDT,92.7,11.2,9.5,0.0962,0.0904,5.79,6.34,0.0,8h만기
2026-08-19T21:24:54.594630+09:00,2026-08-20T05:26:09.596030+09:00,RUNEUSDT,98.1,4.1,2.7,0.426,0.423,0.46,2.35,-4.23,8h만기
2026-08-20T00:08:25.361039+09:00,2026-08-20T08:08:34.457765+09:00,1INCHUSDT,95.3,11.1,3.4,0.0859,0.0865,-0.94,1.05,-2.33,8h만기
2026-08-20T00:08:48.858988+09:00,2026-08-20T08:08:34.460244+09:00,CHZUSDT,93.4,5.2,5.1,0.01251,0.01284,-2.88,1.12,-4.16,8h만기
2026-08-20T00:29:04.774194+09:00,2026-08-20T08:30:29.489248+09:00,APEUSDT,93.5,11.7,1.9,0.1266,0.1275,-0.95,1.5,-2.13,8h만기
2026-08-20T00:29:11.720997+09:00,2026-08-20T08:30:29.494936+09:00,BANANAUSDT,92.7,7.5,5.6,3.773,3.828,-1.7,0.64,-3.71,8h만기
2026-08-20T00:29:12.251792+09:00,2026-08-20T08:30:29.497805+09:00,BANANAS31USDT,94.6,9.5,3.0,0.008726,0.008759,-0.62,0.71,-1.81,8h만기
2026-08-20T00:29:14.831362+09:00,2026-08-20T08:30:29.501036+09:00,BEAMXUSDT,94.8,21.3,5.8,0.001373,0.001384,-1.04,2.04,-2.91,8h만기
2026-08-20T00:29:18.833695+09:00,2026-08-20T08:30:29.503795+09:00,BTCUSDT,95.2,10.0,6.0,68374.41,69370.02,-1.7,0.53,-2.38,8h만기
2026-08-20T00:29:31.120932+09:00,2026-08-20T08:30:29.506718+09:00,ENAUSDT,94.0,12.6,5.1,0.0891,0.0946,-6.41,1.68,-6.51,8h만기
2026-08-20T00:29:43.565271+09:00,2026-08-20T08:30:29.509537+09:00,ICPUSDT,92.0,4.5,2.5,2.272,2.31,-1.91,2.07,-2.16,8h만기
2026-08-20T00:29:51.612885+09:00,2026-08-20T08:30:29.512205+09:00,LDOUSDT,95.0,8.1,8.2,0.3274,0.3274,-0.24,3.33,-3.85,8h만기
2026-08-20T00:44:22.321248+09:00,2026-08-20T08:44:22.299675+09:00,ZAMAUSDT,96.0,3.4,5.3,0.04522,0.0466,-3.29,2.06,-3.96,8h만기
