signal_id,time,symbol,pump_pct,price,qvol_24h,chg_24h,funding_rate,funding_interval_h,taken_by,skipped_by,cusum_score
0819173029-STARUSDT,2026-08-19T17:30:29.631000+09:00,STARUSDT,39.23,0.14696,19056272,16.11,0.00066103,4.0,V0_base|V1_notrail|V2_hold24|V4_posfund|V5_stop30,V3_fund8h:funding_8h_only,
0819174214-STARUSDT,2026-08-19T17:42:14.037740+09:00,STARUSDT,39.34,0.14739,19331863,16.42,0.00066103,4.0,,V0_base:보유중|V1_notrail:보유중|V2_hold24:보유중|V3_fund8h:funding_8h_only|V4_posfund:보유중|V5_stop30:보유중,
0819174520-STARUSDT,2026-08-19T17:45:20.082484+09:00,STARUSDT,36.74,0.14462,19481503,13.93,0.00066103,4.0,,V0_base:보유중|V1_notrail:보유중|V2_hold24:보유중|V3_fund8h:funding_8h_only|V4_posfund:보유중|V5_stop30:보유중,
0819174826-STARUSDT,2026-08-19T17:48:26.536047+09:00,STARUSDT,37.95,0.1459,19513053,15.65,0.00066103,4.0,,V0_base:보유중|V1_notrail:보유중|V2_hold24:보유중|V3_fund8h:funding_8h_only|V4_posfund:보유중|V5_stop30:보유중,
0819175439-STARUSDT,2026-08-19T17:54:39.156196+09:00,STARUSDT,38.56,0.14632,19474536,16.45,0.00066103,4.0,,V0_base:보유중|V1_notrail:보유중|V2_hold24:보유중|V3_fund8h:funding_8h_only|V4_posfund:보유중|V5_stop30:보유중,
0819175746-STARUSDT,2026-08-19T17:57:46.739112+09:00,STARUSDT,37.92,0.14694,19509014,17.08,0.00066103,4.0,,V0_base:보유중|V1_notrail:보유중|V2_hold24:보유중|V3_fund8h:funding_8h_only|V4_posfund:보유중|V5_stop30:보유중,
0819175935-STARUSDT,2026-08-19T17:59:35.076629+09:00,STARUSDT,37.31,0.14629,19501735,16.88,0.00066103,4.0,,V0_base:보유중|V1_notrail:보유중|V2_hold24:보유중|V3_fund8h:funding_8h_only|V4_posfund:보유중|V5_stop30:보유중,
0819182124-BTWUSDT,2026-08-19T18:21:24.325588+09:00,BTWUSDT,39.94,0.68052,562849916,85.47,0.00051687,4.0,V0_base|V1_notrail|V2_hold24|V4_posfund|V5_stop30,V3_fund8h:funding_8h_only,
0819203451-HEMIUSDT,2026-08-19T20:34:51.850138+09:00,HEMIUSDT,30.25,0.00899,126408444,30.33,5e-05,4.0,V0_base|V1_notrail|V2_hold24|V4_posfund|V5_stop30,V3_fund8h:funding_8h_only,
0820005944-MUBARAKUSDT,2026-08-20T00:59:44.397653+09:00,MUBARAKUSDT,30.17,0.0233,44459366,38.76,5e-05,4.0,V0_base|V1_notrail|V2_hold24|V4_posfund|V5_stop30,V3_fund8h:funding_8h_only,
0820010633-TREEUSDT,2026-08-20T01:06:33.485140+09:00,TREEUSDT,34.57,0.04519,27660331,32.0,5e-05,4.0,V0_base|V1_notrail|V2_hold24|V4_posfund|V5_stop30,V3_fund8h:funding_8h_only,
0820062510-MAGMAUSDT,2026-08-20T06:25:10.071689+09:00,MAGMAUSDT,30.5,0.22683,15190684,32.66,0.00048406,4.0,V0_base|V1_notrail|V2_hold24|V4_posfund|V5_stop30,V3_fund8h:funding_8h_only,
0820165733-BOMEUSDT,2026-08-20T16:57:33.343746+09:00,BOMEUSDT,30.56,0.0011327,83737106,48.3,5e-05,4.0,V0_base|V1_notrail|V2_hold24|V4_posfund|V5_stop30,V3_fund8h:funding_8h_only,
0820225020-ACEUSDT,2026-08-20T22:50:20.278252+09:00,ACEUSDT,31.26,0.23882,203865349,16.22,-0.00173311,4.0,V0_base|V1_notrail|V2_hold24|V5_stop30,V3_fund8h:funding_8h_only|V4_posfund:funding_non_negative,
0820234909-ONGUSDT,2026-08-20T23:49:09.572147+09:00,ONGUSDT,30.4,0.08223,45152019,35.85,5e-05,4.0,V0_base|V1_notrail|V2_hold24|V4_posfund|V5_stop30,V3_fund8h:funding_8h_only,
0821044935-PEOPLEUSDT,2026-08-21T04:49:35.906521+09:00,PEOPLEUSDT,30.59,0.010757,47321508,35.7,0.0001,8.0,V0_base|V1_notrail|V2_hold24|V3_fund8h|V4_posfund|V5_stop30,,
0821053532-ONTUSDT,2026-08-21T05:35:32.850266+09:00,ONTUSDT,30.47,0.05481,11098538,37.12,5e-05,4.0,V0_base|V1_notrail|V2_hold24|V4_posfund|V5_stop30,V3_fund8h:funding_8h_only,
0821065311-SANTOSUSDT,2026-08-21T06:53:11.597666+09:00,SANTOSUSDT,38.18,0.6844,8034464,39.34,5e-05,4.0,V0_base|V1_notrail|V2_hold24|V4_posfund|V5_stop30,V3_fund8h:funding_8h_only,
0821122654-ONGUSDT,2026-08-21T12:26:54.314276+09:00,ONGUSDT,39.91,0.14791,609823167,135.67,-0.01620609,1.0,V0_base|V1_notrail|V2_hold24|V5_stop30,V3_fund8h:funding_8h_only|V4_posfund:funding_non_negative,
0821122724-HEMIUSDT,2026-08-21T12:27:24.269914+09:00,HEMIUSDT,30.03,0.011254,112570385,27.02,5e-05,4.0,V2_hold24,V0_base:보유중|V1_notrail:보유중|V3_fund8h:funding_8h_only|V4_posfund:보유중|V5_stop30:보유중,
0821171923-BOMEUSDT,2026-08-21T17:19:23.951278+09:00,BOMEUSDT,33.83,0.0014944,554211494,29.51,5e-05,4.0,V2_hold24|V5_stop30,V0_base:보유중|V1_notrail:보유중|V3_fund8h:funding_8h_only|V4_posfund:보유중,
0821181919-BBUSDT,2026-08-21T18:19:19.008452+09:00,BBUSDT,39.77,0.01332,18919066,43.15,5e-05,4.0,V0_base|V1_notrail|V2_hold24|V4_posfund|V5_stop30,V3_fund8h:funding_8h_only,
0821221224-TUTUSDT,2026-08-21T22:12:24.569868+09:00,TUTUSDT,30.47,0.04124,72522589,28.55,5e-05,4.0,V0_base|V1_notrail|V2_hold24|V4_posfund|V5_stop30,V3_fund8h:funding_8h_only,
0821221718-SCRTUSDT,2026-08-21T22:17:18.842330+09:00,SCRTUSDT,30.65,0.02536,11578629,18.43,0.00118081,4.0,V0_base|V1_notrail|V2_hold24|V4_posfund|V5_stop30,V3_fund8h:funding_8h_only,
0821233929-ROBOUSDT,2026-08-21T23:39:29.791773+09:00,ROBOUSDT,30.37,0.01743,33087491,15.29,5e-05,4.0,V0_base|V1_notrail|V2_hold24|V4_posfund|V5_stop30,V3_fund8h:funding_8h_only,
0822005348-BEATUSDT,2026-08-22T00:53:48.563192+09:00,BEATUSDT,30.95,0.1667,145275966,22.35,0.00049167,4.0,V0_base|V1_notrail|V2_hold24|V4_posfund|V5_stop30,V3_fund8h:funding_8h_only,
0822010405-USUSDT,2026-08-22T01:04:05.269078+09:00,USUSDT,32.71,0.023725,14984652,26.31,0.00058068,4.0,V0_base|V1_notrail|V2_hold24|V4_posfund|V5_stop30,V3_fund8h:funding_8h_only,
0822025448-BLESSUSDT,2026-08-22T02:54:48.602981+09:00,BLESSUSDT,31.33,0.009843,29663184,43.56,5e-05,4.0,V0_base|V1_notrail|V2_hold24|V4_posfund|V5_stop30,V3_fund8h:funding_8h_only,
0822052936-MAGMAUSDT,2026-08-22T05:29:36.841739+09:00,MAGMAUSDT,30.66,0.32104,27194474,36.16,0.00059188,4.0,V0_base|V1_notrail|V2_hold24|V4_posfund|V5_stop30,V3_fund8h:funding_8h_only,
0822112807-TRBUSDT,2026-08-22T11:28:07.279172+09:00,TRBUSDT,30.87,22.031,34819454,47.81,5e-05,4.0,V0_base|V1_notrail|V2_hold24|V4_posfund|V5_stop30,V3_fund8h:funding_8h_only,
0822115409-DASHUSDT,2026-08-22T11:54:09.232570+09:00,DASHUSDT,32.27,46.11,100861253,38.2,0.0001,8.0,V0_base|V1_notrail|V2_hold24|V3_fund8h|V4_posfund|V5_stop30,,
0822124454-TRUMPUSDT,2026-08-22T12:44:54.816348+09:00,TRUMPUSDT,31.04,2.347,347791681,40.47,5e-05,4.0,V0_base|V1_notrail|V2_hold24|V4_posfund|V5_stop30,V3_fund8h:funding_8h_only,
0822124501-MUBARAKUSDT,2026-08-22T12:45:01.393397+09:00,MUBARAKUSDT,31.32,0.02759,31328088,37.88,5e-05,4.0,V0_base|V1_notrail|V2_hold24|V4_posfund|V5_stop30,V3_fund8h:funding_8h_only,
0822130706-MELANIAUSDT,2026-08-22T13:07:06.501239+09:00,MELANIAUSDT,33.53,0.12676,11779072,59.48,0.00050703,4.0,V0_base|V1_notrail|V2_hold24|V4_posfund|V5_stop30,V3_fund8h:funding_8h_only,
0823030621-TUTUSDT,2026-08-23T03:06:21.120281+09:00,TUTUSDT,31.12,0.05279,100945033,23.65,5e-05,4.0,V2_hold24,V0_base:보유중|V1_notrail:보유중|V3_fund8h:funding_8h_only|V4_posfund:보유중|V5_stop30:보유중,
0824161809-PROMUSDT,2026-08-24T16:18:09.021960+09:00,PROMUSDT,32.39,3.621,111036571,30.64,5e-05,4.0,V0_base|V1_notrail|V2_hold24|V4_posfund|V5_stop30,V3_fund8h:funding_8h_only,
0824165413-TUTUSDT,2026-08-24T16:54:13.229181+09:00,TUTUSDT,30.49,0.07987,462089814,23.33,5e-05,4.0,V0_base|V1_notrail|V2_hold24|V4_posfund|V5_stop30,V3_fund8h:funding_8h_only,
0824180333-UAIUSDT,2026-08-24T18:03:33.178273+09:00,UAIUSDT,30.14,0.3476,111892582,38.28,0.00045923,4.0,V0_base|V1_notrail|V2_hold24|V4_posfund|V5_stop30,V3_fund8h:funding_8h_only,
0824184807-VELVETUSDT,2026-08-24T18:48:07.819512+09:00,VELVETUSDT,32.78,0.8944,21619205,32.34,7.973e-05,4.0,V0_base|V1_notrail|V2_hold24|V4_posfund|V5_stop30,V3_fund8h:funding_8h_only,
0825020432-STORJUSDT,2026-08-25T02:04:32.514743+09:00,STORJUSDT,30.11,0.05898,65428854,43.86,-0.00238422,4.0,V0_base|V1_notrail|V2_hold24|V5_stop30,V3_fund8h:funding_8h_only|V4_posfund:funding_non_negative,
0825095921-TACUSDT,2026-08-25T09:59:21.499923+09:00,TACUSDT,31.3,0.002416,25067557,42.18,0.00042308,4.0,V0_base|V1_notrail|V2_hold24|V4_posfund|V5_stop30,V3_fund8h:funding_8h_only,
0825135424-PROMUSDT,2026-08-25T13:54:24.443966+09:00,PROMUSDT,31.44,4.925,421885390,44.29,5e-05,4.0,V5_stop30,V0_base:보유중|V1_notrail:보유중|V2_hold24:보유중|V3_fund8h:funding_8h_only|V4_posfund:보유중,
0826041257-龙虾USDT,2026-08-26T04:12:57.534118+09:00,龙虾USDT,31.58,0.035683,25946719,37.89,0.00037478,4.0,V0_base|V1_notrail|V2_hold24|V4_posfund|V5_stop30,V3_fund8h:funding_8h_only,
0826042251-BMTUSDT,2026-08-26T04:22:51.985859+09:00,BMTUSDT,31.18,0.02015,24372511,37.54,-0.00055816,4.0,V0_base|V1_notrail|V2_hold24|V5_stop30,V3_fund8h:funding_8h_only|V4_posfund:funding_non_negative,
0826130540-BTRUSDT,2026-08-26T13:05:40.637752+09:00,BTRUSDT,32.34,0.04387,12576420,47.26,0.00074692,4.0,V0_base|V1_notrail|V2_hold24|V4_posfund|V5_stop30,V3_fund8h:funding_8h_only,
0826140404-PORTALUSDT,2026-08-26T14:04:04.680650+09:00,PORTALUSDT,30.7,0.01899,22500861,14.23,5e-05,4.0,V0_base|V1_notrail|V2_hold24|V4_posfund|V5_stop30,V3_fund8h:funding_8h_only,
0826160517-TACUSDT,2026-08-26T16:05:17.458420+09:00,TACUSDT,31.41,0.00341,136555764,54.11,0.00021248,4.0,V2_hold24|V5_stop30,V0_base:보유중|V1_notrail:보유중|V3_fund8h:funding_8h_only|V4_posfund:보유중,
0826180930-PUMPBTCUSDT,2026-08-26T18:09:30.033901+09:00,PUMPBTCUSDT,36.28,0.01416,4083391,34.41,0.00031586,4.0,V0_base|V1_notrail|V2_hold24|V4_posfund|V5_stop30,V3_fund8h:funding_8h_only,
0826225427-ONGUSDT,2026-08-26T22:54:27.435143+09:00,ONGUSDT,38.89,0.14372,396627250,44.3,4.656e-05,4.0,V0_base|V1_notrail|V2_hold24|V4_posfund|V5_stop30,V3_fund8h:funding_8h_only,
0827003208-BICOUSDT,2026-08-27T00:32:08.278526+09:00,BICOUSDT,31.3,0.02697,58567316,36.0,-0.00131532,8.0,V0_base|V1_notrail|V2_hold24|V3_fund8h|V5_stop30,V4_posfund:funding_non_negative,
0827025102-BTRUSDT,2026-08-27T02:51:02.968150+09:00,BTRUSDT,34.58,0.13566,931125815,301.01,0.00099795,4.0,V0_base|V1_notrail|V2_hold24|V4_posfund|V5_stop30,V3_fund8h:funding_8h_only,
0827025414-EDENUSDT,2026-08-27T02:54:14.865376+09:00,EDENUSDT,30.59,0.07193,70108320,48.7,-0.00116167,4.0,V0_base|V1_notrail|V2_hold24|V5_stop30,V3_fund8h:funding_8h_only|V4_posfund:funding_non_negative,
0827103605-ARIAUSDT,2026-08-27T10:36:05.787298+09:00,ARIAUSDT,31.19,0.04677,25287375,61.87,0.0003198,4.0,V0_base|V1_notrail|V2_hold24|V4_posfund|V5_stop30,V3_fund8h:funding_8h_only,
0827124116-BICOUSDT,2026-08-27T12:41:16.263065+09:00,BICOUSDT,31.91,0.03022,133248047,50.95,-0.01138436,8.0,V0_base|V2_hold24|V3_fund8h|V5_stop30,V1_notrail:보유중|V4_posfund:funding_non_negative,
0827130654-MOVRUSDT,2026-08-27T13:06:54.425266+09:00,MOVRUSDT,31.08,0.8971,21968374,25.24,5e-05,4.0,V0_base|V1_notrail|V2_hold24|V4_posfund|V5_stop30,V3_fund8h:funding_8h_only,
0827162936-TACUSDT,2026-08-27T16:29:36.614692+09:00,TACUSDT,31.32,0.006009,292363010,83.14,0.00011259,4.0,V0_base|V1_notrail|V2_hold24|V4_posfund|V5_stop30,V3_fund8h:funding_8h_only,
0827174003-BEAMXUSDT,2026-08-27T17:40:03.550355+09:00,BEAMXUSDT,31.9,0.001931,6074122,33.47,5e-05,4.0,V0_base|V1_notrail|V2_hold24|V4_posfund|V5_stop30,V3_fund8h:funding_8h_only,
0828064845-BMTUSDT,2026-08-28T06:48:45.965654+09:00,BMTUSDT,33.78,0.02879,48761879,33.07,-0.0001709,4.0,V0_base|V1_notrail|V2_hold24|V5_stop30,V3_fund8h:funding_8h_only|V4_posfund:funding_non_negative,
0828090350-SKRUSDT,2026-08-28T09:03:50.287014+09:00,SKRUSDT,33.26,0.012152,9740965,40.28,-5.49e-06,4.0,V0_base|V1_notrail|V2_hold24|V5_stop30,V3_fund8h:funding_8h_only|V4_posfund:funding_non_negative,
0828152631-龙虾USDT,2026-08-28T15:26:31.834845+09:00,龙虾USDT,30.36,0.04386,42819073,42.52,0.00025936,4.0,V0_base|V1_notrail|V2_hold24|V4_posfund|V5_stop30,V3_fund8h:funding_8h_only,
0828184746-LIGHTUSDT,2026-08-28T18:47:46.293978+09:00,LIGHTUSDT,31.03,0.2403,17066850,39.93,0.00036737,4.0,V0_base|V1_notrail|V2_hold24|V4_posfund|V5_stop30,V3_fund8h:funding_8h_only,
0829031312-DEXEUSDT,2026-08-29T03:13:12.487996+09:00,DEXEUSDT,30.04,2.541,53974891,32.48,-0.0001831,4.0,V0_base|V1_notrail|V2_hold24|V5_stop30,V3_fund8h:funding_8h_only|V4_posfund:funding_non_negative,
0829072058-AKEUSDT,2026-08-29T07:20:58.351375+09:00,AKEUSDT,31.77,0.010473,112399688,53.22,0.00019371,4.0,V0_base|V1_notrail|V2_hold24|V4_posfund|V5_stop30,V3_fund8h:funding_8h_only,
0829190928-4USDT,2026-08-29T19:09:28.657020+09:00,4USDT,31.34,0.015864,12177098,33.52,0.00011359,4.0,V0_base|V1_notrail|V2_hold24|V4_posfund|V5_stop30,V3_fund8h:funding_8h_only,
0829215355-BTRUSDT,2026-08-29T21:53:55.619983+09:00,BTRUSDT,31.16,0.21289,266409238,28.91,0.0005493,4.0,V0_base|V1_notrail|V2_hold24|V4_posfund|V5_stop30,V3_fund8h:funding_8h_only,
0829215711-TACUSDT,2026-08-29T21:57:11.972539+09:00,TACUSDT,33.05,0.002975,39394388,12.94,5e-05,4.0,V0_base|V1_notrail|V2_hold24|V4_posfund|V5_stop30,V3_fund8h:funding_8h_only,
0830012306-PROMUSDT,2026-08-30T01:23:06.619820+09:00,PROMUSDT,30.67,6.502,80865482,28.58,5e-05,4.0,V0_base|V1_notrail|V2_hold24|V4_posfund|V5_stop30,V3_fund8h:funding_8h_only,
0830143803-SKRUSDT,2026-08-30T14:38:03.737123+09:00,SKRUSDT,30.67,0.013722,41248068,35.05,-0.00044526,4.0,V0_base|V1_notrail|V2_hold24|V5_stop30,V3_fund8h:funding_8h_only|V4_posfund:funding_non_negative,
0830164540-ZKCUSDT,2026-08-30T16:45:40.783236+09:00,ZKCUSDT,31.35,0.05208,30896676,32.94,-0.00078169,4.0,V0_base|V1_notrail|V2_hold24|V5_stop30,V3_fund8h:funding_8h_only|V4_posfund:funding_non_negative,
0831023631-TNSRUSDT,2026-08-31T02:36:31.803227+09:00,TNSRUSDT,31.26,0.04497,33428504,33.49,-0.00041491,4.0,V0_base|V1_notrail|V2_hold24|V5_stop30,V3_fund8h:funding_8h_only|V4_posfund:funding_non_negative,
0831033057-牛来USDT,2026-08-31T03:30:57.732700+09:00,牛来USDT,33.97,0.12958,242832465,33.32,0.00062903,4.0,V0_base|V1_notrail|V2_hold24|V4_posfund|V5_stop30,V3_fund8h:funding_8h_only,
0831050932-SKRUSDT,2026-08-31T05:09:32.295794+09:00,SKRUSDT,32.65,0.021355,273143314,98.03,-0.00949166,4.0,V0_base|V1_notrail|V2_hold24|V5_stop30,V3_fund8h:funding_8h_only|V4_posfund:funding_non_negative,
0831063258-HEMIUSDT,2026-08-31T06:32:58.718937+09:00,HEMIUSDT,30.09,0.013735,48724268,17.92,5e-05,4.0,V0_base|V1_notrail|V2_hold24|V4_posfund|V5_stop30,V3_fund8h:funding_8h_only,
0831115844-ZORAUSDT,2026-08-31T11:58:44.562192+09:00,ZORAUSDT,31.71,0.009428,68996297,50.82,-0.00216469,4.0,V0_base|V1_notrail|V2_hold24|V5_stop30,V3_fund8h:funding_8h_only|V4_posfund:funding_non_negative,
0831154155-FLOCKUSDT,2026-08-31T15:41:55.672832+09:00,FLOCKUSDT,30.67,0.04397,40794644,38.76,-0.0034675,4.0,V0_base|V1_notrail|V2_hold24|V5_stop30,V3_fund8h:funding_8h_only|V4_posfund:funding_non_negative,
0901014457-SKRUSDT,2026-09-01T01:44:57.804016+09:00,SKRUSDT,30.48,0.029886,1130606691,72.68,-0.00687968,1.0,V0_base|V1_notrail|V2_hold24|V5_stop30,V3_fund8h:funding_8h_only|V4_posfund:funding_non_negative,
0901022503-USELESSUSDT,2026-09-01T02:25:03.206309+09:00,USELESSUSDT,31.29,0.08828,45643111,39.78,2.962e-05,4.0,V0_base|V1_notrail|V2_hold24|V4_posfund|V5_stop30,V3_fund8h:funding_8h_only,
0901171459-BTRUSDT,2026-09-01T17:14:59.497692+09:00,BTRUSDT,34.18,0.17123,478610400,88.84,5e-05,4.0,V0_base|V1_notrail|V2_hold24|V4_posfund|V5_stop30,V3_fund8h:funding_8h_only,
0901195755-ONGUSDT,2026-09-01T19:57:55.883267+09:00,ONGUSDT,30.42,0.1206,118584993,28.25,-0.00446307,1.0,V0_base|V1_notrail|V2_hold24|V5_stop30,V3_fund8h:funding_8h_only|V4_posfund:funding_non_negative,
0902013210-龙虾USDT,2026-09-02T01:32:10.554619+09:00,龙虾USDT,33.14,0.086147,80285366,33.3,0.00037054,4.0,V0_base|V1_notrail|V2_hold24|V4_posfund|V5_stop30,V3_fund8h:funding_8h_only,
0902055824-UAIUSDT,2026-09-02T05:58:24.722894+09:00,UAIUSDT,30.91,0.5679,72296852,51.6,0.00048535,4.0,V0_base|V1_notrail|V2_hold24|V4_posfund|V5_stop30,V3_fund8h:funding_8h_only,
0902112447-HEMIUSDT,2026-09-02T11:24:47.542701+09:00,HEMIUSDT,31.27,0.019998,101034942,29.11,5e-05,4.0,V0_base|V1_notrail|V2_hold24|V4_posfund|V5_stop30,V3_fund8h:funding_8h_only,
0902191912-TUSDT,2026-09-02T19:19:12.970511+09:00,TUSDT,33.23,0.004964,60930346,37.72,-0.00986414,4.0,V0_base|V1_notrail|V2_hold24|V5_stop30,V3_fund8h:funding_8h_only|V4_posfund:funding_non_negative,
0903010138-AKEUSDT,2026-09-03T01:01:38.383965+09:00,AKEUSDT,30.01,0.010485,135584249,20.5,0.00031125,4.0,V0_base|V1_notrail|V2_hold24|V4_posfund|V5_stop30,V3_fund8h:funding_8h_only,
0903045439-BULLAUSDT,2026-09-03T04:54:39.859117+09:00,BULLAUSDT,34.31,0.025557,24490388,45.61,5e-05,4.0,V0_base|V1_notrail|V2_hold24|V4_posfund|V5_stop30,V3_fund8h:funding_8h_only,
0903064847-BTWUSDT,2026-09-03T06:48:47.908891+09:00,BTWUSDT,34.13,0.59974,74040591,40.52,0.00048624,4.0,V0_base|V1_notrail|V2_hold24|V4_posfund|V5_stop30,V3_fund8h:funding_8h_only,
0903132247-HEMIUSDT,2026-09-03T13:22:47.313732+09:00,HEMIUSDT,33.91,0.020061,126124620,43.22,5e-05,4.0,V0_base|V2_hold24|V4_posfund|V5_stop30,V1_notrail:보유중|V3_fund8h:funding_8h_only,
0903135909-MARSCOINUSDT,2026-09-03T13:59:09.583661+09:00,MARSCOINUSDT,32.26,0.08364,96904041,9.76,0.00047417,4.0,V0_base|V1_notrail|V2_hold24|V4_posfund|V5_stop30,V3_fund8h:funding_8h_only,
0903231538-BULLAUSDT,2026-09-03T23:15:38.965670+09:00,BULLAUSDT,30.44,0.032661,99858739,62.13,9.414e-05,4.0,V0_base|V2_hold24|V4_posfund|V5_stop30,V1_notrail:보유중|V3_fund8h:funding_8h_only,
0904010536-EDGEUSDT,2026-09-04T01:05:36.941304+09:00,EDGEUSDT,30.71,0.6785,111472000,77.76,0.00024918,4.0,V0_base|V1_notrail|V2_hold24|V4_posfund|V5_stop30,V3_fund8h:funding_8h_only,
0904012753-APRUSDT,2026-09-04T01:27:53.242682+09:00,APRUSDT,30.89,0.2648,22301040,28.03,5e-05,4.0,V0_base|V1_notrail|V2_hold24|V4_posfund|V5_stop30,V3_fund8h:funding_8h_only,
0904020625-USELESSUSDT,2026-09-04T02:06:25.067203+09:00,USELESSUSDT,32.79,0.19984,339690848,67.32,5e-05,4.0,V0_base|V1_notrail|V2_hold24|V4_posfund|V5_stop30,V3_fund8h:funding_8h_only,
0904032538-AKEUSDT,2026-09-04T03:25:38.303561+09:00,AKEUSDT,33.31,0.017283,1016034691,5.59,0.00011275,4.0,V0_base|V1_notrail|V2_hold24|V4_posfund|V5_stop30,V3_fund8h:funding_8h_only,
0904104252-MARSCOINUSDT,2026-09-04T10:42:52.424112+09:00,MARSCOINUSDT,31.17,0.13214,569960850,110.88,0.0001615,4.0,V0_base|V1_notrail|V2_hold24|V5_stop30|V6_timestop|V7_fundexit,V3_fund8h:retired|V4_posfund:retired,
0904152202-TRIAUSDT,2026-09-04T15:22:02.511688+09:00,TRIAUSDT,33.99,0.005172,31764498,36.89,6.55e-05,4.0,V0_base|V1_notrail|V2_hold24|V5_stop30|V6_timestop|V7_fundexit,V3_fund8h:retired|V4_posfund:retired,
0904183257-USELESSUSDT,2026-09-04T18:32:57.522346+09:00,USELESSUSDT,32.35,0.27013,694138954,78.19,5e-05,4.0,V5_stop30|V6_timestop|V7_fundexit,V0_base:보유중|V1_notrail:보유중|V2_hold24:보유중|V3_fund8h:retired|V4_posfund:보유중,
0904204009-AZTECUSDT,2026-09-04T20:40:09.629711+09:00,AZTECUSDT,30.95,0.01832,16156317,42.91,5e-05,4.0,V0_base|V1_notrail|V2_hold24|V5_stop30|V6_timestop|V7_fundexit,V3_fund8h:retired|V4_posfund:retired,
0904225649-MARSCOINUSDT,2026-09-04T22:56:49.140668+09:00,MARSCOINUSDT,38.54,0.17256,770869681,49.3,0.00025832,4.0,V0_base|V1_notrail|V2_hold24|V5_stop30|V6_timestop|V7_fundexit,V3_fund8h:retired|V4_posfund:retired,
0905000149-FLOCKUSDT,2026-09-05T00:01:49.223276+09:00,FLOCKUSDT,32.01,0.05102,43637887,27.53,-0.00125243,4.0,V0_base|V1_notrail|V2_hold24|V5_stop30|V6_timestop|V7_fundexit,V3_fund8h:retired|V4_posfund:retired,
0905014746-龙虾USDT,2026-09-05T01:47:46.731427+09:00,龙虾USDT,30.8,0.099016,56882596,35.06,0.00070695,4.0,V0_base|V1_notrail|V2_hold24|V5_stop30|V6_timestop|V7_fundexit,V3_fund8h:retired|V4_posfund:retired,
0905015726-UAIUSDT,2026-09-05T01:57:26.634294+09:00,UAIUSDT,32.07,0.4962,61263608,43.76,0.00025035,4.0,V0_base|V1_notrail|V2_hold24|V5_stop30|V6_timestop|V7_fundexit,V3_fund8h:retired|V4_posfund:retired,
0905024211-4USDT,2026-09-05T02:42:11.691293+09:00,4USDT,30.2,0.020389,21687604,22.74,0.0003457,4.0,V0_base|V1_notrail|V2_hold24|V5_stop30|V6_timestop|V7_fundexit,V3_fund8h:retired|V4_posfund:retired,
0905103252-AKEUSDT,2026-09-05T10:32:52.652838+09:00,AKEUSDT,32.75,0.017386,82895417,16.76,0.00013505,4.0,V0_base|V2_hold24|V5_stop30|V6_timestop|V7_fundexit,V1_notrail:보유중|V3_fund8h:retired|V4_posfund:retired,
0905142820-NOMUSDT,2026-09-05T14:28:20.013293+09:00,NOMUSDT,35.57,0.002104,25661311,32.61,-0.00073621,4.0,V0_base|V1_notrail|V2_hold24|V5_stop30|V6_timestop|V7_fundexit,V3_fund8h:retired|V4_posfund:retired,
0905150946-BUSDT,2026-09-05T15:09:46.762608+09:00,BUSDT,32.84,0.1788,3393460,38.07,5e-05,4.0,V0_base|V1_notrail|V2_hold24|V5_stop30|V6_timestop|V7_fundexit,V3_fund8h:retired|V4_posfund:retired,
0905171831-牛来USDT,2026-09-05T17:18:31.046683+09:00,牛来USDT,31.29,0.10986,139666397,27.17,0.00028502,4.0,V0_base|V1_notrail|V2_hold24|V5_stop30|V6_timestop|V7_fundexit,V3_fund8h:retired|V4_posfund:retired,
0905190627-BULLAUSDT,2026-09-05T19:06:27.239460+09:00,BULLAUSDT,36.38,0.066567,255472727,106.11,0.00118683,4.0,V0_base|V1_notrail|V2_hold24|V5_stop30|V6_timestop|V7_fundexit,V3_fund8h:retired|V4_posfund:retired,
0905193145-MARSCOINUSDT,2026-09-05T19:31:45.021679+09:00,MARSCOINUSDT,34.92,0.23795,791896412,29.65,0.00041244,4.0,V5_stop30,V0_base:보유중|V1_notrail:보유중|V2_hold24:보유중|V3_fund8h:retired|V4_posfund:retired|V6_timestop:보유중|V7_fundexit:보유중,
0905233049-1000CATUSDT,2026-09-05T23:30:49.781608+09:00,1000CATUSDT,34.03,0.00269,13112051,38.34,-2.378e-05,4.0,V0_base|V1_notrail|V2_hold24|V5_stop30|V6_timestop|V7_fundexit,V3_fund8h:retired|V4_posfund:retired,
0906032004-4USDT,2026-09-06T03:20:04.076794+09:00,4USDT,37.29,0.034804,266332268,54.38,0.00062751,4.0,V0_base|V1_notrail|V2_hold24|V5_stop30|V6_timestop|V7_fundexit,V3_fund8h:retired|V4_posfund:retired,
0906041457-SUSHIUSDT,2026-09-06T04:14:57.780422+09:00,SUSHIUSDT,33.28,0.2691,39950191,40.46,5.576e-05,8.0,V0_base|V1_notrail|V2_hold24|V5_stop30|V6_timestop|V7_fundexit,V3_fund8h:retired|V4_posfund:retired,
0906063710-UAIUSDT,2026-09-06T06:37:10.732225+09:00,UAIUSDT,32.26,0.6019,76587681,23.29,0.00057529,4.0,V0_base|V2_hold24|V5_stop30,V1_notrail:보유중|V3_fund8h:retired|V4_posfund:retired|V6_timestop:보유중|V7_fundexit:보유중,
0906071753-ARBUSDT,2026-09-06T07:17:53.051012+09:00,ARBUSDT,35.99,0.18115,244973428,38.63,9.828e-05,8.0,V0_base|V1_notrail|V2_hold24|V5_stop30|V6_timestop|V7_fundexit,V3_fund8h:retired|V4_posfund:retired,
0906124930-RAYSOLUSDT,2026-09-06T12:49:30.975066+09:00,RAYSOLUSDT,32.75,1.1569,24101352,40.46,5e-05,4.0,V0_base|V1_notrail|V2_hold24|V5_stop30|V6_timestop|V7_fundexit,V3_fund8h:retired|V4_posfund:retired,
0906225804-NAORISUSDT,2026-09-06T22:58:04.089839+09:00,NAORISUSDT,30.1,0.03851,9686571,23.8,0.00039336,4.0,V0_base|V1_notrail|V2_hold24|V5_stop30|V6_timestop|V7_fundexit,V3_fund8h:retired|V4_posfund:retired,
0907191913-AKEUSDT,2026-09-07T19:19:13.655971+09:00,AKEUSDT,30.66,0.016708,147315064,16.99,-0.00175706,4.0,V0_base|V1_notrail|V2_hold24|V5_stop30|V6_timestop|V7_fundexit,V3_fund8h:retired|V4_posfund:retired,
0908092033-SOPHUSDT,2026-09-08T09:20:33.770464+09:00,SOPHUSDT,33.46,0.006318,125207081,50.23,0.00045026,4.0,V0_base|V1_notrail|V2_hold24|V5_stop30|V6_timestop|V7_fundexit,V3_fund8h:retired|V4_posfund:retired,
0908141831-FORMUSDT,2026-09-08T14:18:31.426021+09:00,FORMUSDT,34.74,0.351,28172821,30.05,5e-05,4.0,V0_base|V1_notrail|V2_hold24|V5_stop30|V6_timestop|V7_fundexit,V3_fund8h:retired|V4_posfund:retired,
0908234508-VVVUSDT,2026-09-08T23:45:08.880917+09:00,VVVUSDT,31.61,23.228,67719211,32.17,0.0002873,4.0,V0_base|V1_notrail|V2_hold24|V5_stop30|V6_timestop|V7_fundexit,V3_fund8h:retired|V4_posfund:retired,
0909000146-USELESSUSDT,2026-09-09T00:01:46.884745+09:00,USELESSUSDT,30.57,0.30383,297345683,36.29,5e-05,4.0,V0_base|V1_notrail|V2_hold24|V5_stop30|V6_timestop|V7_fundexit,V3_fund8h:retired|V4_posfund:retired,
0909123326-KATUSDT,2026-09-09T12:33:26.298068+09:00,KATUSDT,31.54,0.006252,13958197,32.57,0.00017492,4.0,V0_base|V1_notrail|V2_hold24|V5_stop30|V6_timestop|V7_fundexit,V3_fund8h:retired|V4_posfund:retired,
0909161751-IOSTUSDT,2026-09-09T16:17:51.404288+09:00,IOSTUSDT,39.43,0.0011839,95938307,18.43,0.0001,8.0,V0_base|V1_notrail|V2_hold24|V5_stop30|V6_timestop|V7_fundexit,V3_fund8h:retired|V4_posfund:retired,
0909203056-牛来USDT,2026-09-09T20:30:56.321521+09:00,牛来USDT,31.05,0.14367,190291784,50.04,5e-05,4.0,V0_base|V1_notrail|V2_hold24|V5_stop30|V6_timestop|V7_fundexit,V3_fund8h:retired|V4_posfund:retired,
0910071705-IOSTUSDT,2026-09-10T07:17:05.631614+09:00,IOSTUSDT,39.83,0.0020595,905477726,137.19,-0.00346134,8.0,V0_base|V1_notrail|V2_hold24|V5_stop30|V6_timestop|V7_fundexit,V3_fund8h:retired|V4_posfund:retired,
0910100106-VTHOUSDT,2026-09-10T10:01:06.974777+09:00,VTHOUSDT,32.82,0.0005779,17838773,30.68,-2.655e-05,4.0,V0_base|V1_notrail|V2_hold24|V5_stop30|V6_timestop|V7_fundexit,V3_fund8h:retired|V4_posfund:retired,
0910141155-BTRUSDT,2026-09-10T14:11:55.822454+09:00,BTRUSDT,32.31,0.06576,63205839,29.05,5e-05,4.0,V0_base|V1_notrail|V2_hold24|V5_stop30|V6_timestop|V7_fundexit,V3_fund8h:retired|V4_posfund:retired,
0911025955-牛来USDT,2026-09-11T02:59:55.882978+09:00,牛来USDT,31.96,0.10257,173446338,20.49,5e-05,4.0,V0_base|V2_hold24|V5_stop30,V1_notrail:보유중|V3_fund8h:retired|V4_posfund:retired|V6_timestop:보유중|V7_fundexit:보유중,
0911044629-哈基米USDT,2026-09-11T04:46:29.329086+09:00,哈基米USDT,30.17,0.03909,21273903,8.96,0.00025862,4.0,V0_base|V1_notrail|V2_hold24|V5_stop30|V6_timestop|V7_fundexit,V3_fund8h:retired|V4_posfund:retired,
