market,t0_utc,overlap_with_55,net_short_pct,stopped
KRW-DOGE,2021-02-24T06:05,True,-5.11,True
KRW-AXS,2021-04-05T06:30,True,-5.246,True
KRW-SOL,2021-10-15T06:10,True,-0.723,False
KRW-1INCH,2021-10-27T08:05,True,-5.12,True
KRW-AAVE,2021-10-27T09:30,True,9.787,False
KRW-ALGO,2021-11-18T04:30,False,5.781,False
KRW-NEAR,2021-12-15T04:05,True,12.56,False
KRW-AVAX,2022-02-08T11:05,True,-5.103,True
KRW-CELO,2022-03-17T07:05,True,-0.369,False
KRW-GMT,2022-05-04T07:05,True,24.617,False
KRW-APT,2022-10-19T08:05,True,-5.12,True
KRW-SHIB,2023-01-18T07:05,True,7.809,False
KRW-MASK,2023-03-07T07:05,True,20.41,False
KRW-ARB,2023-03-30T06:05,True,-5.12,True
KRW-EGLD,2023-04-27T07:05,True,5.657,False
KRW-SUI,2023-05-04T00:05,True,7.904,False
KRW-GRT,2023-06-01T07:05,True,3.917,False
KRW-BLUR,2023-06-27T06:05,False,14.385,False
KRW-IMX,2023-07-28T04:05,True,4.576,False
KRW-MINA,2023-10-24T07:05,True,-5.12,True
KRW-ASTR,2023-12-18T10:05,True,-5.12,True
KRW-ID,2024-02-07T05:05,True,-5.12,True
KRW-PYTH,2024-02-27T09:05,True,4.292,False
KRW-ZETA,2024-05-03T09:05,True,-5.546,True
KRW-AUCTION,2024-05-29T09:55,True,-5.12,True
KRW-ONDO,2024-06-14T08:05,True,8.751,False
KRW-JUP,2024-07-04T10:05,True,2.098,False
KRW-ENS,2024-07-09T09:35,True,4.09,False
KRW-PENDLE,2024-08-06T09:05,True,6.362,False
KRW-USDC,2024-08-30T04:05,True,-0.109,False
KRW-BIGTIME,2024-09-05T09:05,True,-3.308,False
KRW-CKB,2024-09-13T10:05,False,-5.12,True
KRW-W,2024-10-02T10:05,False,17.411,False
KRW-INJ,2024-10-17T09:20,True,-0.959,False
KRW-MEW,2024-10-21T07:05,False,6.049,False
KRW-UNI,2024-10-22T07:05,False,1.496,False
KRW-AGLD,2024-11-13T07:35,True,-5.12,True
KRW-PEPE,2024-11-14T02:35,True,-5.12,True
KRW-RENDER,2024-12-05T04:05,False,-5.099,True
KRW-MOVE,2024-12-10T01:35,True,-5.12,True
KRW-ME,2024-12-11T01:40,True,32.323,False
KRW-VANA,2024-12-17T01:15,True,36.471,False
KRW-ANIME,2025-01-24T01:05,True,23.032,False
KRW-VIRTUAL,2025-01-31T11:05,False,-5.12,True
KRW-BERA,2025-02-06T14:55,True,-7.12,True
KRW-LAYER,2025-02-12T00:05,True,-5.12,True
KRW-TRUMP,2025-02-13T09:05,True,-5.09,True
KRW-JTO,2025-02-21T05:35,True,-5.852,True
KRW-COW,2025-02-25T11:35,True,-7.12,True
KRW-KAITO,2025-03-05T06:05,True,4.6,False
KRW-ARKM,2025-03-11T07:05,True,13.068,False
KRW-ORCA,2025-03-21T08:05,True,-7.12,True
KRW-WAL,2025-03-28T00:05,False,-5.12,True
KRW-COMP,2025-04-01T07:40,True,-5.12,True
KRW-FIL,2025-04-04T07:35,True,7.509,False
KRW-WCT,2025-04-16T09:05,True,20.117,False
KRW-SIGN,2025-04-29T09:25,True,7.912,False
KRW-TIA,2025-05-08T10:05,False,-5.256,True
KRW-PENGU,2025-05-09T09:05,True,9.159,False
KRW-NXPC,2025-05-15T09:35,True,26.829,False
KRW-SOPH,2025-05-28T13:05,True,8.461,False
KRW-LPT,2025-05-30T08:05,False,-9.12,True
KRW-RVN,2025-06-05T08:05,True,-5.12,True
KRW-AXL,2025-06-10T07:05,False,-8.694,False
KRW-ALT,2025-06-16T10:05,True,4.324,False
KRW-RAY,2025-06-19T03:05,True,-0.115,False
KRW-NEWT,2025-06-24T15:05,True,-5.12,True
KRW-SAHARA,2025-06-26T13:05,True,-5.12,True
KRW-MOODENG,2025-07-03T08:05,True,6.547,False
KRW-HYPER,2025-07-10T08:05,True,-7.12,True
KRW-ENA,2025-07-11T08:05,True,10.354,False
KRW-ERA,2025-07-17T16:05,True,-7.12,True
KRW-SYRUP,2025-07-25T06:05,True,-6.109,True
KRW-OP,2025-07-28T07:35,True,-5.12,True
KRW-PROVE,2025-08-06T05:35,True,23.488,False
KRW-CYBER,2025-08-12T08:05,True,-5.12,True
KRW-API3,2025-08-19T08:05,True,-5.12,True
KRW-AERO,2025-08-22T02:35,True,-5.184,True
KRW-TREE,2025-08-28T07:05,True,19.982,False
KRW-WLFI,2025-09-01T13:05,True,20.254,False
KRW-RED,2025-09-05T08:05,True,-5.12,True
KRW-WLD,2025-09-09T12:35,False,-5.1,True
KRW-OPEN,2025-09-10T08:05,True,29.189,False
KRW-LINEA,2025-09-10T16:35,True,16.277,False
KRW-HOLO,2025-09-11T12:05,True,-5.12,True
KRW-PUMP,2025-09-11T12:35,True,-5.11,True
KRW-AVNT,2025-09-15T04:35,True,-5.12,True
KRW-ZKC,2025-09-15T14:05,True,36.737,False
KRW-TOSHI,2025-09-17T06:05,True,15.809,False
KRW-LA,2025-09-18T10:35,True,20.146,False
KRW-BARD,2025-09-18T13:20,True,-6.846,True
KRW-SUN,2025-09-22T03:05,False,-5.228,True
KRW-0G,2025-09-22T11:10,True,-5.12,True
KRW-FLUID,2025-09-24T10:35,True,21.944,False
KRW-XPL,2025-09-25T13:05,True,-5.12,True
KRW-MIRA,2025-09-26T13:05,True,-5.12,True
KRW-SUPER,2025-09-29T11:05,True,25.694,False
KRW-FF,2025-09-29T13:05,True,-5.12,True
KRW-SOMI,2025-10-01T06:35,True,-5.735,True
KRW-2Z,2025-10-02T13:05,True,-5.12,True
KRW-DOOD,2025-10-07T07:35,True,-5.12,True
KRW-IN,2025-10-10T06:35,True,-5.12,True
KRW-YGG,2025-10-15T05:35,True,-5.12,True
KRW-ZORA,2025-10-17T04:35,True,-5.36,True
KRW-ZBT,2025-10-17T13:05,True,29.191,False
KRW-BIO,2025-10-20T09:05,True,-5.12,True
KRW-F,2025-10-21T07:05,False,-5.12,True
KRW-ORDER,2025-10-24T07:05,False,-5.12,True
KRW-KERNEL,2025-10-28T07:35,True,-5.12,True
KRW-ENSO,2025-10-29T08:05,True,34.847,False
KRW-KITE,2025-11-03T13:20,True,-12.438,True
KRW-MMT,2025-11-05T06:20,True,56.212,False
KRW-TRUST,2025-11-05T11:05,True,-5.12,True
KRW-MON,2025-11-24T15:05,True,-5.12,True
KRW-PLUME,2025-11-26T06:05,False,19.458,False
KRW-WET,2025-12-15T09:35,True,-5.12,True
KRW-ZKP,2025-12-26T08:35,True,3.374,False
KRW-ZK,2026-01-06T09:35,False,14.001,False
KRW-BREV,2026-01-07T06:05,True,14.847,False
KRW-ELSA,2026-01-22T07:35,True,-5.12,True
KRW-SENT,2026-01-29T08:35,True,-5.12,True
KRW-BIRB,2026-02-03T09:05,True,-7.977,True
KRW-TAO,2026-02-16T07:05,True,-5.12,True
KRW-AZTEC,2026-02-20T07:35,True,-8.576,True
KRW-SKR,2026-02-24T07:05,False,-5.12,True
KRW-ESP,2026-02-24T08:05,True,-5.12,True
KRW-ICP,2026-03-11T08:05,True,0.442,False
KRW-ETHFI,2026-03-19T03:35,True,-2.752,False
KRW-KAT,2026-03-26T10:05,True,17.516,False
KRW-SKY,2026-03-31T03:05,False,3.377,False
KRW-ZAMA,2026-04-14T10:05,True,-5.12,True
KRW-CC,2026-04-15T06:05,True,1.835,False
KRW-SOON,2026-04-17T05:35,True,-5.12,True
KRW-PIEVERSE,2026-04-20T07:05,True,-5.12,True
KRW-CHIP,2026-04-21T13:05,True,-5.12,True
KRW-SPK,2026-04-23T03:05,True,-5.12,True
KRW-XCN,2026-04-27T07:05,False,-0.12,False
KRW-PRL,2026-04-27T10:55,True,-6.31,True
KRW-MEGA,2026-04-30T11:05,True,14.754,False
KRW-WIF,2026-05-06T07:05,True,3.094,False
KRW-B3,2026-05-07T05:05,True,-0.12,False
KRW-VVV,2026-05-12T07:05,True,19.481,False
KRW-IRYS,2026-05-15T11:35,True,25.329,False
KRW-IO,2026-05-29T09:35,True,7.395,False
KRW-BABY,2026-06-05T11:05,True,18.448,False
KRW-SPX,2026-06-16T05:05,True,-5.312,True
KRW-RE,2026-06-19T12:05,True,-5.977,True
KRW-ARX,2026-06-23T05:05,True,34.785,False
KRW-AI,2026-06-30T07:05,True,-0.12,False
KRW-OPG,2026-07-07T06:35,True,19.992,False
KRW-O,2026-07-23T06:05,True,24.495,False
KRW-MORPHO,2026-07-25T09:05,True,2.475,False
KRW-EUL,2026-07-26T05:05,False,-5.12,True
KRW-CFX,2026-07-31T09:05,True,-5.33,True
KRW-HOME,2026-08-04T08:05,True,-5.12,True
KRW-GRVT,2026-08-05T08:05,False,11.498,False
KRW-CAP,2026-08-06T05:05,True,-5.765,True
KRW-BSB,2026-08-07T07:05,True,-5.12,True
KRW-KMNO,2026-08-07T10:35,True,13.003,False
KRW-PROM,2026-08-12T03:35,True,-6.721,True
KRW-CRV,2026-08-21T04:05,True,-5.1,True
KRW-LIT,2026-08-24T04:05,True,11.504,False
KRW-NMR,2026-10-06T11:50,False,-5.12,True
