exit_time,coin,entry,exit,pnl_pct,reason,held_min
2026-06-30 16:59:36,AHT,2.3420,2.2200,-5.21,SL-3.0%,1
2026-06-30 17:00:39,AHT,2.2200,1.6140,-27.30,SL-3.0%,1
2026-06-30 17:07:43,AHT,2.1590,2.2450,+3.98,TP+3.0%,1
2026-06-30 17:08:46,AHT,2.2450,2.3510,+4.72,TP+3.0%,1
2026-06-30 17:09:49,AHT,2.3510,2.0330,-13.53,SL-3.0%,1
2026-06-30 17:19:55,AHT,2.2250,2.3090,+3.78,TP+3.0%,4
2026-06-30 17:25:59,AHT,2.3780,2.1190,-10.89,SL-3.0%,2
2026-06-30 17:39:05,AHT,2.1680,2.2550,+4.01,TP+3.0%,9
2026-06-30 17:42:09,AHT,2.2710,2.1680,-4.54,SL-3.0%,2
2026-06-30 17:48:14,MOC,37.2500,35.2300,-5.42,SL-3.0%,3
2026-06-30 17:49:17,MOC,35.2300,36.3500,+3.18,TP+3.0%,1
2026-06-30 17:50:19,AHT,2.1290,2.1990,+3.29,TP+3.0%,5
2026-06-30 17:51:22,AHT,2.1990,2.3020,+4.68,TP+3.0%,1
2026-06-30 17:53:25,AHT,2.3020,2.6490,+15.07,TP+3.0%,2
2026-06-30 17:57:28,AHT,2.7210,2.8100,+3.27,TP+3.0%,3
2026-06-30 17:58:31,AHT,2.8100,2.9390,+4.59,TP+3.0%,1
2026-06-30 18:06:36,AHT,2.9390,2.6330,-10.41,SL-3.0%,8
2026-06-30 18:07:39,MOC,32.0700,30.3500,-5.36,SL-3.0%,1
2026-06-30 18:10:43,AHT,2.7680,2.9890,+7.98,TP+3.0%,3
2026-06-30 18:13:49,AHT,3.0200,3.1490,+4.27,TP+3.0%,1
2026-06-30 18:14:52,SC,1.1490,1.0770,-6.27,SL-3.0%,3
2026-06-30 18:15:53,AHT,3.1490,2.9000,-7.91,SL-3.0%,2
2026-06-30 18:20:57,AHT,3.0000,2.9000,-3.33,SL-3.0%,4
2026-06-30 18:24:02,AHT,2.7440,2.8280,+3.06,TP+3.0%,1
2026-06-30 18:24:03,TOKAMAK,698.0000,677.0000,-3.01,SL-3.0%,1
2026-06-30 18:26:08,AHT,2.8280,2.6800,-5.23,SL-3.0%,2
2026-06-30 18:26:09,TOKAMAK,729.0000,689.0000,-5.49,SL-3.0%,1
2026-06-30 18:28:11,MOC,30.5600,28.8200,-5.69,SL-3.0%,15
2026-06-30 18:39:17,AHT,2.8090,2.9290,+4.27,TP+3.0%,10
2026-07-02 22:25:29,HAEDAL,31.2500,29.6000,-5.28,SL-3.0%,4
2026-07-02 22:27:40,HAEDAL,29.6000,28.1700,-4.83,SL-3.0%,2
2026-07-02 22:32:57,HAEDAL,27.6600,26.6200,-3.76,SL-3.0%,3
2026-07-02 23:08:11,HAEDAL,26.6200,25.8200,-3.01,SL-3.0%,35
2026-07-03 18:00:36,ARPA,17.0200,17.7000,+4.00,TP+3.0%,7
2026-07-03 18:08:51,ARPA,16.9100,17.6300,+4.26,TP+3.0%,5
2026-07-03 18:12:57,ARPA,17.6300,16.9300,-3.97,SL-3.0%,4
2026-07-03 18:21:11,ARPA,17.5200,18.1600,+3.65,TP+3.0%,3
2026-07-03 18:25:17,ARPA,18.1600,17.4400,-3.96,SL-3.0%,4
2026-07-03 18:53:06,ARPA,16.5300,17.1500,+3.75,TP+3.0%,24
2026-07-04 09:06:50,BLAST,0.5347,0.5726,+7.09,TP+3.0%,2
2026-07-04 09:08:54,BLAST,0.5726,0.5528,-3.46,SL-3.0%,2
2026-07-04 09:13:02,BLAST,0.5325,0.5142,-3.44,SL-3.0%,1
2026-07-04 09:16:07,MED,2.6960,2.4470,-9.24,SL-3.0%,1
2026-07-04 09:17:09,BLAST,0.5039,0.5471,+8.57,TP+3.0%,2
2026-07-04 09:22:18,MED,2.4200,2.5150,+3.93,TP+3.0%,5
2026-07-04 09:23:20,BLAST,0.5370,0.5173,-3.67,SL-3.0%,2
2026-07-04 09:27:28,BLAST,0.5242,0.5476,+4.46,TP+3.0%,3
2026-07-04 09:28:30,BLAST,0.5476,0.5229,-4.51,SL-3.0%,1
2026-07-04 09:30:34,MED,2.5150,2.4290,-3.42,SL-3.0%,7
2026-07-04 09:37:46,MED,2.4010,2.4790,+3.25,TP+3.0%,4
2026-07-04 09:53:13,BLAST,0.5167,0.5010,-3.04,SL-3.0%,20
2026-07-04 10:09:41,MED,2.4880,2.4020,-3.46,SL-3.0%,24
2026-07-04 10:22:06,BLAST,0.5100,0.5302,+3.96,TP+3.0%,28
2026-07-04 20:14:29,OGN,27.8800,29.0100,+4.05,TP+3.0%,5
2026-07-04 20:22:44,OGN,30.0700,29.0800,-3.29,SL-3.0%,2
2026-07-04 20:26:52,OGN,29.1500,28.2500,-3.09,SL-3.0%,2
2026-07-04 20:42:21,OGN,28.5600,29.5100,+3.33,TP+3.0%,14
2026-07-04 20:47:30,OGN,29.5100,28.3300,-4.00,SL-3.0%,5
2026-07-04 21:01:56,OGN,28.3000,30.1700,+6.61,TP+3.0%,11
2026-07-04 21:23:35,OGN,33.2700,31.9700,-3.91,SL-3.0%,5
2026-07-04 21:27:42,OGN,31.9700,30.7400,-3.85,SL-3.0%,3
2026-07-05 21:59:50,SPURS,315.0000,290.0000,-7.94,SL-3.0%,13
2026-07-07 23:18:35,BOUNTY,26.4500,27.9500,+5.67,TP+3.0%,7
2026-07-07 23:19:35,BOUNTY,27.9500,26.9600,-3.54,SL-3.0%,1
2026-07-07 23:27:38,BOUNTY,26.5100,25.2400,-4.79,SL-3.0%,5
2026-07-07 23:35:40,BOUNTY,25.2400,24.3500,-3.53,SL-3.0%,8
2026-07-07 23:46:44,BOUNTY,24.3500,23.5200,-3.41,SL-3.0%,11
2026-07-09 05:15:40,LSK,146.0000,139.0000,-4.79,SL-3.0%,1
2026-07-09 07:48:33,LSK,128.0000,130.0000,+1.56,타임아웃120분,121
2026-07-09 07:49:34,MAV,17.0600,16.4600,-3.52,SL-3.0%,4
2026-07-09 07:54:35,MAV,16.4600,15.9300,-3.22,SL-3.0%,5
2026-07-09 08:10:41,MAV,15.9300,15.4400,-3.08,SL-3.0%,16
2026-07-10 10:56:33,QKC,3.1300,3.0350,-3.04,SL-3.0%,5
2026-07-10 12:31:07,QKC,3.0350,2.9320,-3.39,SL-3.0%,95
2026-07-11 02:31:23,FRAX,364.0000,375.0000,+3.02,TP+3.0%,108
2026-07-11 20:47:46,T,6.1300,6.3230,+3.15,TP+3.0%,13
2026-07-11 21:02:57,T,6.5990,6.2920,-4.65,SL-3.0%,7
2026-07-11 21:05:59,T,6.2650,5.9810,-4.53,SL-3.0%,2
2026-07-11 21:23:11,ANKR,6.1000,5.8900,-3.44,SL-3.0%,5
2026-07-11 21:31:17,ANKR,5.9000,5.7220,-3.02,SL-3.0%,7
2026-07-11 21:47:30,ANKR,6.3110,6.5550,+3.87,TP+3.0%,3
2026-07-11 21:51:33,ANKR,6.5550,6.3130,-3.69,SL-3.0%,4
2026-07-11 22:00:39,ANKR,6.3130,6.0760,-3.75,SL-3.0%,9
2026-07-12 09:53:01,ARDR,37.5300,36.3100,-3.25,SL-3.0%,6
2026-07-12 10:43:19,ARDR,37.5500,34.2300,-8.84,SL-3.0%,49
2026-07-12 17:21:58,BLAST,0.5459,0.5030,-7.86,SL-3.0%,3
2026-07-13 00:24:04,EPT,0.7620,0.8135,+6.76,TP+3.0%,4
2026-07-13 00:26:05,EPT,0.8510,0.8199,-3.65,SL-3.0%,1
2026-07-13 00:42:12,EPT,0.8309,0.7908,-4.83,SL-3.0%,12
2026-07-13 00:56:17,EPT,0.7908,0.8150,+3.06,TP+3.0%,14
2026-07-16 07:41:48,NFT,0.0004,0.0003,-25.00,SL-3.0%,1
2026-07-16 07:43:54,NFT,0.0003,0.0004,+33.33,TP+3.0%,2
2026-07-16 07:47:00,NFT,0.0004,0.0003,-25.00,SL-3.0%,3
2026-07-16 07:48:03,NFT,0.0003,0.0004,+33.33,TP+3.0%,1
2026-07-16 07:59:29,NFT,0.0004,0.0003,-25.00,SL-3.0%,11
2026-07-16 08:06:46,NFT,0.0003,0.0004,+33.33,TP+3.0%,7
2026-07-16 08:57:30,NFT,0.0004,0.0003,-25.00,SL-3.0%,51
2026-07-18 13:15:45,TOSHI,0.2073,0.2154,+3.91,TP+3.0%,25
2026-07-18 15:49:36,MLK,60.0200,57.8900,-3.55,SL-3.0%,1
2026-07-18 15:54:38,MLK,59.8400,57.9700,-3.13,SL-3.0%,3
2026-07-19 18:18:03,CBK,307.0000,318.0000,+3.58,TP+3.0%,2
2026-07-19 18:22:04,CBK,318.0000,330.0000,+3.77,TP+3.0%,4
2026-07-19 18:24:05,CBK,330.0000,345.0000,+4.55,TP+3.0%,2
2026-07-19 18:33:08,CBK,343.0000,330.0000,-3.79,SL-3.0%,7
2026-07-19 18:45:13,CBK,330.0000,342.0000,+3.64,TP+3.0%,12
2026-07-19 18:50:15,CBK,342.0000,325.0000,-4.97,SL-3.0%,5
2026-07-19 18:56:17,CBK,325.0000,289.0000,-11.08,SL-3.0%,6
2026-07-19 19:10:22,CBK,281.0000,270.0000,-3.91,SL-3.0%,8
2026-07-20 07:45:01,AZTEC,20.5800,21.2900,+3.45,TP+3.0%,27
2026-07-20 07:53:22,AZTEC,21.2000,20.4100,-3.73,SL-3.0%,7
2026-07-20 19:23:19,SUPER,122.0000,122.0000,+0.00,타임아웃120분,121
2026-07-21 16:00:11,MEV,3.3230,3.5930,+8.13,TP+3.0%,1
2026-07-21 16:19:18,MEV,3.6220,3.7750,+4.22,TP+3.0%,7
2026-07-21 16:27:21,MEV,4.0210,3.7900,-5.74,SL-3.0%,2
2026-07-21 16:31:23,MEV,3.9190,3.7640,-3.96,SL-3.0%,3
2026-07-21 16:43:28,MEV,3.8170,3.9490,+3.46,TP+3.0%,11
2026-07-21 16:47:30,MEV,3.9110,3.5690,-8.74,SL-3.0%,2
2026-07-21 16:54:32,MEV,3.2470,3.4130,+5.11,TP+3.0%,6
2026-07-21 16:58:34,MEV,3.4130,3.2340,-5.24,SL-3.0%,4
2026-07-21 17:01:35,MEV,3.0000,3.0900,+3.00,TP+3.0%,1
2026-07-21 17:07:38,MEV,3.0970,3.0030,-3.04,SL-3.0%,4
2026-07-21 17:21:43,MEV,2.8260,2.7300,-3.40,SL-3.0%,12
2026-07-23 00:08:48,GRND,17.8400,17.2300,-3.42,SL-3.0%,4
2026-07-23 00:12:58,LISTA,86.0000,89.0000,+3.49,TP+3.0%,1
2026-07-23 00:14:00,LISTA,89.0000,86.1900,-3.16,SL-3.0%,1
2026-07-23 00:18:08,LISTA,86.4800,90.4000,+4.53,TP+3.0%,3
2026-07-23 00:46:15,LISTA,90.4000,86.5900,-4.21,SL-3.0%,28
2026-07-23 00:48:19,LISTA,86.5900,82.4000,-4.84,SL-3.0%,2
2026-07-23 00:49:21,GRND,16.1900,15.6900,-3.09,SL-3.0%,30
2026-07-23 01:04:57,LISTA,82.1100,78.6500,-4.21,SL-3.0%,15
2026-07-23 01:20:34,LISTA,81.7500,77.8800,-4.73,SL-3.0%,10
2026-07-23 01:54:55,LISTA,76.9100,74.5300,-3.09,SL-3.0%,33
2026-07-23 22:13:09,CHR,18.7800,18.0400,-3.94,SL-3.0%,19
2026-07-23 23:10:15,CHR,18.2800,18.8300,+3.01,TP+3.0%,55
2026-07-25 00:26:06,AMP,0.6062,0.5784,-4.59,SL-3.0%,20
2026-07-26 00:11:53,REQ,100.0000,107.0000,+7.00,TP+3.0%,2
2026-07-26 00:12:55,REQ,107.0000,103.0000,-3.74,SL-3.0%,1
2026-07-26 00:15:59,REQ,103.0000,91.8500,-10.83,SL-3.0%,3
2026-07-26 00:19:05,REQ,84.9900,89.0000,+4.72,TP+3.0%,2
2026-07-26 00:22:10,REQ,86.7600,90.7900,+4.64,TP+3.0%,2
2026-07-26 00:25:14,REQ,90.7900,97.4700,+7.36,TP+3.0%,3
2026-07-26 00:32:24,REQ,97.4700,94.3900,-3.16,SL-3.0%,7
2026-07-26 00:34:27,REQ,95.2000,92.1000,-3.26,SL-3.0%,1
2026-07-26 00:45:42,REQ,101.0000,97.3600,-3.60,SL-3.0%,8
2026-07-26 00:48:45,FLUX,64.4000,62.0000,-3.73,SL-3.0%,3
2026-07-26 00:52:51,REQ,99.5200,103.0000,+3.50,TP+3.0%,4
2026-07-26 00:54:54,FLUX,62.0000,59.9700,-3.27,SL-3.0%,6
2026-07-26 01:01:03,REQ,103.0000,110.0000,+6.80,TP+3.0%,6
2026-07-26 01:02:04,REQ,110.0000,114.0000,+3.64,TP+3.0%,1
2026-07-26 01:04:07,REQ,114.0000,110.0000,-3.51,SL-3.0%,2
2026-07-26 02:40:46,CTK,151.0000,156.0000,+3.31,TP+3.0%,108
2026-07-26 02:50:02,IOST,0.9455,0.9473,+0.19,타임아웃120분,120
2026-07-26 03:05:29,FLUX,59.9100,60.1300,+0.37,타임아웃120분,120
2026-07-26 07:56:34,LWP,5.1450,4.8910,-4.94,SL-3.0%,1
2026-07-26 08:03:45,LWP,5.1400,5.3200,+3.50,TP+3.0%,1
2026-07-26 08:09:55,LWP,5.2580,4.9700,-5.48,SL-3.0%,5
2026-07-26 08:10:57,LWP,4.9700,5.3140,+6.92,TP+3.0%,1
2026-07-26 08:11:59,LWP,5.3140,5.1000,-4.03,SL-3.0%,1
2026-07-26 08:15:03,LWP,5.2110,4.5930,-11.86,SL-3.0%,2
2026-07-26 08:22:14,LWP,4.3970,4.5360,+3.16,TP+3.0%,1
2026-07-26 08:23:15,LWP,4.5360,4.3960,-3.09,SL-3.0%,1
2026-07-26 08:26:20,LWP,4.3960,4.7200,+7.37,TP+3.0%,3
2026-07-26 08:27:22,LWP,4.7200,4.8880,+3.56,TP+3.0%,1
2026-07-26 08:32:29,LWP,4.8200,4.6150,-4.25,SL-3.0%,3
2026-07-26 08:36:35,LWP,4.6220,4.3760,-5.32,SL-3.0%,3
2026-07-27 00:23:31,XYO,4.5240,4.7080,+4.07,TP+3.0%,2
2026-07-27 00:25:35,XYO,4.7080,4.3560,-7.48,SL-3.0%,2
2026-07-27 00:33:50,XYO,4.3600,4.2240,-3.12,SL-3.0%,4
2026-07-27 02:37:31,XYO,4.2990,4.3510,+1.21,타임아웃120분,121
2026-07-27 09:57:32,USDE,1456.0000,1457.0000,+0.07,타임아웃120분,120
2026-07-28 05:07:45,COTI,13.4800,13.9000,+3.12,TP+3.0%,14
2026-07-28 05:10:50,COTI,13.9000,13.3000,-4.32,SL-3.0%,3
2026-07-28 05:37:38,COTI,13.3000,13.7000,+3.01,TP+3.0%,27
2026-07-28 05:45:54,COTI,14.9000,16.5700,+11.21,TP+3.0%,5
2026-07-28 05:47:58,COTI,16.5700,17.1500,+3.50,TP+3.0%,2
2026-07-28 05:50:01,COTI,17.4300,18.9500,+8.72,TP+3.0%,1
2026-07-28 05:52:05,COTI,18.9500,17.8000,-6.07,SL-3.0%,2
2026-07-28 05:56:14,COTI,18.4800,19.3000,+4.44,TP+3.0%,3
2026-07-28 06:00:21,COTI,19.4500,20.9200,+7.56,TP+3.0%,2
2026-07-28 06:02:24,COTI,20.9200,19.8300,-5.21,SL-3.0%,2
2026-07-28 06:08:35,COTI,19.8300,19.0200,-4.08,SL-3.0%,6
2026-07-28 06:12:43,COTI,18.3500,17.5800,-4.20,SL-3.0%,2
2026-07-28 06:19:56,COTI,18.1100,17.4000,-3.92,SL-3.0%,6
2026-07-28 06:23:02,COTI,17.4000,16.5600,-4.83,SL-3.0%,3
2026-07-28 06:28:11,COTI,16.5000,17.2200,+4.36,TP+3.0%,4
2026-07-28 06:30:15,REZ,4.5560,4.4000,-3.42,SL-3.0%,4
2026-07-28 06:32:18,COTI,17.4300,18.0400,+3.50,TP+3.0%,2
2026-07-28 06:35:24,COTI,18.0400,18.7200,+3.77,TP+3.0%,3
2026-07-28 06:43:39,COTI,17.8900,18.4600,+3.19,TP+3.0%,5
2026-07-28 06:50:51,COTI,19.0500,18.3000,-3.94,SL-3.0%,5
2026-07-28 07:11:29,REZ,4.0560,3.9300,-3.11,SL-3.0%,30
2026-07-28 16:41:23,UMA,570.0000,542.0000,-4.91,SL-3.0%,2
2026-07-28 17:10:15,UMA,543.0000,526.0000,-3.13,SL-3.0%,20
2026-07-29 22:18:44,CRTS,0.1064,0.1030,-3.20,SL-3.0%,4
2026-07-31 14:30:37,CFX,69.4700,71.9400,+3.56,TP+3.0%,3
2026-07-31 14:32:41,CFX,73.5200,70.8700,-3.60,SL-3.0%,1
2026-07-31 15:03:35,CFX,67.1600,64.9700,-3.26,SL-3.0%,23
2026-07-31 15:37:36,CFX,65.3400,63.0000,-3.58,SL-3.0%,33
2026-08-03 07:14:01,META,12.7500,13.2000,+3.53,TP+3.0%,2
2026-08-03 07:17:08,META,13.2000,12.6900,-3.86,SL-3.0%,3
2026-08-03 07:18:10,META,12.6900,11.8200,-6.86,SL-3.0%,1
2026-08-03 07:26:28,META,13.3100,12.8900,-3.16,SL-3.0%,3
2026-08-03 07:28:33,META,12.8900,13.5900,+5.43,TP+3.0%,2
2026-08-03 07:31:39,META,13.5900,14.1900,+4.42,TP+3.0%,3
2026-08-03 07:34:49,META,14.1900,13.3000,-6.27,SL-3.0%,3
2026-08-03 07:38:58,META,13.3000,14.3000,+7.52,TP+3.0%,4
2026-08-03 07:43:07,META,14.3000,13.8500,-3.15,SL-3.0%,4
2026-08-03 07:44:09,META,13.8500,13.1700,-4.91,SL-3.0%,1
2026-08-03 07:48:16,META,13.0500,11.0000,-15.71,SL-3.0%,2
2026-08-03 07:57:37,META,11.1800,10.6800,-4.47,SL-3.0%,2
2026-08-03 08:02:48,META,10.9900,10.6100,-3.46,SL-3.0%,2
2026-08-03 08:10:04,META,10.5500,10.9500,+3.79,TP+3.0%,3
2026-08-03 08:16:18,META,10.9500,10.6200,-3.01,SL-3.0%,6
2026-08-03 08:31:48,META,10.7600,10.3600,-3.72,SL-3.0%,13
2026-08-03 12:37:38,ACX,47.3100,51.0000,+7.80,TP+3.0%,4
2026-08-03 12:42:47,ACX,51.0000,48.3600,-5.18,SL-3.0%,5
2026-08-03 12:45:53,ACX,48.3600,50.2100,+3.83,TP+3.0%,2
2026-08-03 12:51:03,ACX,49.2100,51.0600,+3.76,TP+3.0%,2
2026-08-03 12:53:07,ACX,51.0600,48.8800,-4.27,SL-3.0%,2
2026-08-03 13:02:23,ACX,49.6900,51.1900,+3.02,TP+3.0%,1
2026-08-03 13:08:35,ACX,58.0000,53.7200,-7.38,SL-3.0%,5
2026-08-03 13:12:40,ACX,59.3200,57.1900,-3.59,SL-3.0%,2
2026-08-03 13:21:58,ACX,55.6800,53.5100,-3.90,SL-3.0%,5
2026-08-03 13:28:10,ACX,54.0600,52.2400,-3.37,SL-3.0%,4
2026-08-03 13:35:23,ACX,52.0400,50.3800,-3.19,SL-3.0%,6
2026-08-03 13:52:55,WAXP,6.9930,6.7620,-3.30,SL-3.0%,1
2026-08-03 14:24:54,WAXP,6.4260,6.1850,-3.75,SL-3.0%,27
2026-08-03 14:55:53,ORBS,8.4030,7.8220,-6.91,SL-3.0%,19
2026-08-03 16:56:35,ORBS,7.8220,7.8520,+0.38,타임아웃120분,121
2026-08-04 18:39:21,CYS,545.0000,584.0000,+7.16,TP+3.0%,1
2026-08-04 18:40:23,CYS,584.0000,630.0000,+7.88,TP+3.0%,1
2026-08-04 18:45:33,CYS,643.0000,666.0000,+3.58,TP+3.0%,1
2026-08-04 18:47:34,CYS,666.0000,704.0000,+5.71,TP+3.0%,2
2026-08-04 18:57:53,CYS,607.0000,588.0000,-3.13,SL-3.0%,6
2026-08-04 18:59:57,CYS,588.0000,607.0000,+3.23,TP+3.0%,2
2026-08-04 19:10:14,CYS,603.0000,624.0000,+3.48,TP+3.0%,7
2026-08-04 19:29:54,CYS,597.0000,617.0000,+3.35,TP+3.0%,17
2026-08-04 19:35:05,CYS,614.0000,586.0000,-4.56,SL-3.0%,3
2026-08-05 00:15:44,XTER,13.7800,14.3300,+3.99,TP+3.0%,8
2026-08-05 00:25:59,XTER,14.3200,14.8000,+3.35,TP+3.0%,9
2026-08-05 00:35:11,XTER,14.5300,13.9200,-4.20,SL-3.0%,8
2026-08-05 00:42:20,XTER,14.4500,14.0000,-3.11,SL-3.0%,5
2026-08-05 00:55:38,XTER,13.9300,14.3600,+3.09,TP+3.0%,11
2026-08-05 01:19:11,XTER,14.3600,14.8700,+3.55,TP+3.0%,24
2026-08-07 11:21:58,KMNO,29.3200,30.4600,+3.89,TP+3.0%,10
2026-08-07 11:55:38,KMNO,30.8900,29.7400,-3.72,SL-3.0%,30
2026-08-07 16:34:44,SNX,434.0000,450.0000,+3.69,TP+3.0%,2
2026-08-07 16:42:48,SNX,465.0000,482.0000,+3.66,TP+3.0%,1
2026-08-11 06:59:21,RAD,348.0000,360.0000,+3.45,TP+3.0%,5
2026-08-11 07:00:21,RAD,360.0000,372.0000,+3.33,TP+3.0%,1
2026-08-12 00:21:58,AVAIL,4.0850,3.8750,-5.14,SL-3.0%,2
2026-08-12 00:22:58,AVAIL,3.8750,3.7080,-4.31,SL-3.0%,1
2026-08-12 00:23:58,AVAIL,3.7080,3.5480,-4.31,SL-3.0%,1
2026-08-12 00:24:59,AVAIL,3.5480,3.7880,+6.76,TP+3.0%,1
2026-08-12 00:25:59,AVAIL,3.7880,3.9390,+3.99,TP+3.0%,1
2026-08-12 00:26:59,AVAIL,3.9390,3.7960,-3.63,SL-3.0%,1
