entry_date,exit_date,symbol,coin,entry_price,exit_price,mom_pct_at_entry,notional_usdt,pnl_pct,pnl_usdt,reason,hold_days,mfe_pct,mae_pct
2024-06-17,2024-06-18,UNIUSDT,UNI,15430.0,13360.0,3.14,30.0,-13.4154,-4.0246,랭크아웃(Top3이탈),1,0.0,-13.42
2024-06-18,2024-06-19,BNBUSDT,BNB,821000.0,835000.0,-0.85,30.0,1.7052,0.5116,랭크아웃(Top3이탈),1,1.71,-0.0
2024-06-19,2024-06-20,ENSUSDT,ENS,36960.0,35630.0,4.47,30.0,-3.5985,-1.0795,랭크아웃(Top3이탈),1,0.0,-3.6
2024-06-20,2024-06-21,ONDOUSDT,ONDO,1743.0,1726.0,1.87,30.0,-0.9753,-0.2926,랭크아웃(Top3이탈),1,0.0,-0.98
2024-06-21,2024-06-24,UNIUSDT,UNI,14280.0,12690.0,2.66,30.0,-11.1345,-3.3403,랭크아웃(Top3이탈),3,0.0,-11.13
2024-06-17,2024-06-26,RPLUSDT,RPL,37160.0,30930.0,16.09,30.0,-16.7653,-5.0296,랭크아웃(Top3이탈),9,4.06,-16.77
2024-06-24,2024-06-27,AZITUSDT,AZIT,59.34,58.3,-3.67,30.0,-1.7526,-0.5258,랭크아웃(Top3이탈),3,2.97,-1.75
2024-06-27,2024-06-28,RPLUSDT,RPL,29490.0,28190.0,-6.65,30.0,-4.4083,-1.3225,랭크아웃(Top3이탈),1,0.0,-4.41
2024-06-28,2024-06-29,AZITUSDT,AZIT,57.65,56.84,-0.19,30.0,-1.405,-0.4215,랭크아웃(Top3이탈),1,0.0,-1.41
2024-06-29,2024-06-30,RPLUSDT,RPL,27510.0,27740.0,-1.36,30.0,0.8361,0.2508,랭크아웃(Top3이탈),1,0.84,-0.0
2024-06-26,2024-07-03,ENSUSDT,ENS,34200.0,37950.0,0.06,30.0,10.9649,3.2895,트레일(최고30%->11%),7,29.97,-0.0
2024-07-03,2024-07-06,ENSUSDT,ENS,37950.0,34560.0,30.64,30.0,-8.9328,-2.6798,랭크아웃(Top3이탈),3,0.0,-11.67
2024-06-17,2024-07-07,TRXUSDT,TRX,165.0,181.0,7.84,30.0,9.697,2.9091,랭크아웃(Top3이탈),20,12.73,-1.82
2024-07-06,2024-07-09,AKTUSDT,AKT,5085.0,4967.0,7.41,30.0,-2.3206,-0.6962,랭크아웃(Top3이탈),3,0.0,-6.33
2024-07-09,2024-07-10,MAPOUSDT,MAPO,19.14,17.95,30.47,30.0,-6.2173,-1.8652,랭크아웃(Top3이탈),1,0.0,-6.22
2024-07-07,2024-07-11,WIKENUSDT,WIKEN,10.37,11.44,14.8,30.0,10.3182,3.0955,랭크아웃(Top3이탈),4,16.88,-0.0
2024-07-10,2024-07-12,BONKUSDT,BONK,0.0371,0.0322,23.26,30.0,-13.2075,-3.9623,랭크아웃(Top3이탈),2,0.0,-13.21
2024-06-30,2024-07-13,AZITUSDT,AZIT,57.47,67.95,6.82,30.0,18.2356,5.4707,트레일(최고36%->18%),13,35.79,-0.0
2024-07-12,2024-07-13,GRACYUSDT,GRACY,70.75,62.7,19.41,30.0,-11.3781,-3.4134,랭크아웃(Top3이탈),1,0.0,-11.38
2024-07-13,2024-07-14,SPURSUSDT,SPURS,4069.0,3355.0,33.59,30.0,-17.5473,-5.2642,랭크아웃(Top3이탈),1,0.0,-17.55
2024-07-13,2024-07-15,AKTUSDT,AKT,4772.0,4910.0,17.02,30.0,2.8919,0.8676,랭크아웃(Top3이탈),2,2.89,-0.0
2024-07-14,2024-07-15,XLMUSDT,XLM,149.0,145.0,19.2,30.0,-2.6846,-0.8054,랭크아웃(Top3이탈),1,0.0,-2.68
2024-07-11,2024-07-16,MAPOUSDT,MAPO,18.04,19.0,17.68,30.0,5.3215,1.5965,트레일(최고21%->5%),5,21.18,-0.0
2024-07-15,2024-07-16,ENSUSDT,ENS,38040.0,37640.0,14.75,30.0,-1.0515,-0.3155,랭크아웃(Top3이탈),1,0.0,-1.05
2024-07-16,2024-07-18,XRPUSDT,XRP,809.0,806.0,21.65,30.0,-0.3708,-0.1112,랭크아웃(Top3이탈),2,5.07,-0.37
2024-07-18,2024-07-19,WAVESUSDT,WAVES,1603.0,1574.0,24.36,30.0,-1.8091,-0.5427,랭크아웃(Top3이탈),1,0.0,-1.81
2024-07-15,2024-07-20,DUSDT,D,230.0,297.0,30.68,30.0,29.1304,8.7391,트레일(최고49%->29%),5,48.7,-0.0
2024-07-16,2024-07-20,MAPOUSDT,MAPO,19.0,18.7,20.87,30.0,-1.5789,-0.4737,랭크아웃(Top3이탈),4,0.63,-3.0
2024-07-20,2024-07-21,XPLAUSDT,XPLA,181.0,169.0,33.09,30.0,-6.6298,-1.989,랭크아웃(Top3이탈),1,0.0,-6.63
2024-07-19,2024-07-22,BONKUSDT,BONK,0.0406,0.0422,25.7,30.0,3.9409,1.1823,랭크아웃(Top3이탈),3,5.91,-0.0
2024-07-21,2024-07-23,MAPOUSDT,MAPO,18.24,16.83,30.85,30.0,-7.7303,-2.3191,랭크아웃(Top3이탈),2,0.0,-7.73
2024-07-22,2024-07-25,ICPUSDT,ICP,14300.0,13570.0,28.37,30.0,-5.1049,-1.5315,랭크아웃(Top3이탈),3,0.0,-5.1
2024-07-23,2024-07-26,XRPUSDT,XRP,840.0,825.0,25.56,30.0,-1.7857,-0.5357,랭크아웃(Top3이탈),3,4.52,-1.79
2024-07-26,2024-07-27,IDUSDT,ID,706.0,700.0,35.25,30.0,-0.8499,-0.255,랭크아웃(Top3이탈),1,0.0,-0.85
2024-07-25,2024-07-28,COTIUSDT,COTI,160.0,163.0,50.94,30.0,1.875,0.5625,랭크아웃(Top3이탈),3,6.25,-0.0
2024-07-28,2024-07-29,STORJUSDT,STORJ,715.0,653.0,49.27,30.0,-8.6713,-2.6014,랭크아웃(Top3이탈),1,0.0,-8.67
2024-07-29,2024-07-30,COTIUSDT,COTI,160.0,157.0,39.13,30.0,-1.875,-0.5625,랭크아웃(Top3이탈),1,0.0,-1.88
2024-07-20,2024-07-31,DUSDT,D,297.0,236.0,74.71,30.0,-20.5387,-6.1616,스탑-20%,11,0.0,-20.54
2024-07-30,2024-07-31,WAVESUSDT,WAVES,1861.0,1798.0,41.95,30.0,-3.3853,-1.0156,랭크아웃(Top3이탈),1,0.0,-3.39
2024-07-31,2024-08-02,XRPUSDT,XRP,911.0,788.0,43.92,30.0,-13.5016,-4.0505,랭크아웃(Top3이탈),2,0.0,-13.5
2024-07-31,2024-08-04,DUSDT,D,236.0,186.0,42.17,30.0,-21.1864,-6.3559,스탑-20%,4,0.0,-21.19
2024-07-27,2024-08-05,XPLAUSDT,XPLA,171.0,132.0,47.41,30.0,-22.807,-6.8421,스탑-20%,9,12.87,-22.81
2024-08-02,2024-08-05,WAVESUSDT,WAVES,1623.0,1267.0,22.03,30.0,-21.9347,-6.5804,스탑-20%,3,0.0,-21.93
2024-08-05,2024-08-07,STORJUSDT,STORJ,522.0,520.0,-5.78,30.0,-0.3831,-0.1149,랭크아웃(Top3이탈),2,9.96,-0.38
2024-08-05,2024-08-08,XPLAUSDT,XPLA,132.0,150.0,-7.04,30.0,13.6364,4.0909,랭크아웃(Top3이탈),3,13.64,-0.0
2024-08-07,2024-08-08,SOLUSDT,SOL,209800.0,224000.0,-5.28,30.0,6.7684,2.0305,랭크아웃(Top3이탈),1,6.77,-0.0
2024-08-08,2024-08-09,XRPUSDT,XRP,858.0,813.0,8.2,30.0,-5.2448,-1.5734,랭크아웃(Top3이탈),1,0.0,-5.24
2024-08-08,2024-08-10,WAVESUSDT,WAVES,1566.0,1631.0,-0.51,30.0,4.1507,1.2452,랭크아웃(Top3이탈),2,6.0,-0.0
2024-08-10,2024-08-11,XRPUSDT,XRP,840.0,798.0,2.69,30.0,-5.0,-1.5,랭크아웃(Top3이탈),1,0.0,-5.0
2024-08-11,2024-08-12,TUSDT,T,36.21,34.41,9.07,30.0,-4.971,-1.4913,랭크아웃(Top3이탈),1,0.0,-4.97
2024-08-09,2024-08-13,SUIUSDT,SUI,1204.0,1310.0,0.75,30.0,8.804,2.6412,트레일(최고27%->9%),4,27.41,-0.0
2024-08-12,2024-08-13,ELFUSDT,ELF,590.0,559.0,6.5,30.0,-5.2542,-1.5763,랭크아웃(Top3이탈),1,0.0,-5.25
2024-08-13,2024-08-15,CRTSUSDT,CRTS,0.5897,0.5256,6.42,30.0,-10.8699,-3.261,랭크아웃(Top3이탈),2,0.0,-10.87
2024-08-04,2024-08-16,ORBSUSDT,ORBS,35.81,34.69,14.81,30.0,-3.1276,-0.9383,랭크아웃(Top3이탈),12,14.72,-14.52
2024-08-15,2024-08-16,TUSDT,T,33.14,30.39,3.37,30.0,-8.2981,-2.4894,랭크아웃(Top3이탈),1,0.0,-8.3
2024-08-16,2024-08-17,WAVESUSDT,WAVES,1524.0,1522.0,-1.3,30.0,-0.1312,-0.0394,랭크아웃(Top3이탈),1,0.0,-0.13
2024-08-16,2024-08-18,TRXUSDT,TRX,184.0,187.0,-4.17,30.0,1.6304,0.4891,랭크아웃(Top3이탈),2,2.72,-0.0
2024-08-17,2024-08-18,ORBSUSDT,ORBS,34.74,35.06,-1.14,30.0,0.9211,0.2763,랭크아웃(Top3이탈),1,0.92,-0.0
2024-08-18,2024-08-19,DUSDT,D,282.0,243.0,14.63,30.0,-13.8298,-4.1489,랭크아웃(Top3이탈),1,0.0,-13.83
2024-08-19,2024-08-20,REIUSDT,REI,80.46,71.83,12.05,30.0,-10.7258,-3.2177,랭크아웃(Top3이탈),1,0.0,-10.73
2024-08-20,2024-08-22,TRXUSDT,TRX,206.0,212.0,12.57,30.0,2.9126,0.8738,랭크아웃(Top3이탈),2,5.83,-0.0
2024-08-18,2024-08-23,KAIAUSDT,KAIA,204.0,223.0,2.0,30.0,9.3137,2.7941,랭크아웃(Top3이탈),5,13.24,-0.0
2024-08-23,2024-08-24,TRXUSDT,TRX,214.0,213.0,20.9,30.0,-0.4673,-0.1402,랭크아웃(Top3이탈),1,0.0,-0.47
2024-08-22,2024-08-26,CRTSUSDT,CRTS,0.5832,0.7206,22.68,30.0,23.5597,7.0679,트레일(최고48%->24%),4,48.17,-0.0
2024-08-24,2024-08-26,SUSDT,S,687.0,663.0,37.13,30.0,-3.4934,-1.048,랭크아웃(Top3이탈),2,0.0,-3.49
2024-08-13,2024-08-27,SUIUSDT,SUI,1310.0,1197.0,13.81,30.0,-8.626,-2.5878,랭크아웃(Top3이탈),14,3.21,-13.13
2024-08-27,2024-08-28,SUSDT,S,673.0,594.0,53.65,30.0,-11.7385,-3.5215,랭크아웃(Top3이탈),1,0.0,-11.74
2024-08-28,2024-08-29,KAIAUSDT,KAIA,231.0,230.0,31.25,30.0,-0.4329,-0.1299,랭크아웃(Top3이탈),1,0.0,-0.43
2024-08-26,2024-08-30,FETUSDT,FET,1859.0,1463.0,51.51,30.0,-21.3018,-6.3905,스탑-20%,4,0.0,-21.3
2024-08-30,2024-08-31,TAVAUSDT,TAVA,38.83,37.33,24.65,30.0,-3.863,-1.1589,랭크아웃(Top3이탈),1,0.0,-3.86
2024-08-29,2024-09-01,REIUSDT,REI,78.82,72.68,35.24,30.0,-7.7899,-2.337,랭크아웃(Top3이탈),3,0.0,-9.01
2024-08-26,2024-09-02,CRTSUSDT,CRTS,0.7206,0.615,75.24,30.0,-14.6545,-4.3963,랭크아웃(Top3이탈),7,0.0,-15.56
2024-09-01,2024-09-02,TRXUSDT,TRX,213.0,213.0,20.34,30.0,0.0,0.0,랭크아웃(Top3이탈),1,0.0,-0.0
2024-09-02,2024-09-04,REIUSDT,REI,74.1,68.27,25.32,30.0,-7.8677,-2.3603,랭크아웃(Top3이탈),2,0.0,-7.87
2024-09-02,2024-09-07,BELUSDT,BEL,682.0,640.0,19.86,30.0,-6.1584,-1.8475,랭크아웃(Top3이탈),5,0.0,-6.16
2024-09-07,2024-09-10,STRKUSDT,STRK,604.0,534.0,18.43,30.0,-11.5894,-3.4768,랭크아웃(Top3이탈),3,0.0,-11.59
2024-09-10,2024-09-11,SUSDT,S,658.0,653.0,19.2,30.0,-0.7599,-0.228,랭크아웃(Top3이탈),1,0.0,-0.76
2024-09-04,2024-09-12,CRTSUSDT,CRTS,0.6534,0.6431,24.32,30.0,-1.5764,-0.4729,랭크아웃(Top3이탈),8,4.93,-5.42
2024-09-12,2024-09-14,SUIUSDT,SUI,1389.0,1370.0,12.84,30.0,-1.3679,-0.4104,랭크아웃(Top3이탈),2,0.0,-2.23
2024-08-31,2024-09-15,FETUSDT,FET,1595.0,1871.0,30.84,30.0,17.3041,5.1912,랭크아웃(Top3이탈),15,17.49,-9.91
2024-09-11,2024-09-16,BELUSDT,BEL,694.0,686.0,5.63,30.0,-1.1527,-0.3458,랭크아웃(Top3이탈),5,13.83,-1.15
2024-09-16,2024-09-17,UNIUSDT,UNI,8630.0,9210.0,6.61,30.0,6.7207,2.0162,랭크아웃(Top3이탈),1,6.72,-0.0
2024-09-14,2024-09-19,COTIUSDT,COTI,150.0,148.0,14.5,30.0,-1.3333,-0.4,랭크아웃(Top3이탈),5,0.0,-8.0
2024-09-19,2024-09-20,FETUSDT,FET,2029.0,2130.0,38.69,30.0,4.9778,1.4933,랭크아웃(Top3이탈),1,4.98,-0.0
2024-09-17,2024-09-21,SUSDT,S,767.0,867.0,29.12,30.0,13.0378,3.9113,랭크아웃(Top3이탈),4,14.86,-0.0
2024-09-21,2024-09-22,COTIUSDT,COTI,167.0,165.0,57.55,30.0,-1.1976,-0.3593,랭크아웃(Top3이탈),1,0.0,-1.2
2024-09-20,2024-09-23,ARKUSDT,ARK,596.0,575.0,45.72,30.0,-3.5235,-1.057,랭크아웃(Top3이탈),3,15.6,-3.52
2024-09-22,2024-09-23,MOCUSDT,MOC,120.0,95.78,66.18,30.0,-20.1833,-6.055,스탑-20%,1,0.0,-20.18
2024-09-23,2024-09-25,COTIUSDT,COTI,163.0,167.0,49.54,30.0,2.454,0.7362,랭크아웃(Top3이탈),2,2.45,-0.0
2024-09-25,2024-09-26,AGIUSDT,AGI,279.0,263.0,75.47,30.0,-5.7348,-1.7204,랭크아웃(Top3이탈),1,0.0,-5.73
2024-09-26,2024-09-27,SEIUSDT,SEI,640.0,608.0,75.34,30.0,-5.0,-1.5,랭크아웃(Top3이탈),1,0.0,-5.0
2024-09-23,2024-09-28,SUSDT,S,861.0,881.0,56.26,30.0,2.3229,0.6969,랭크아웃(Top3이탈),5,10.1,-2.9
2024-09-27,2024-09-29,AGIUSDT,AGI,255.0,247.0,65.58,30.0,-3.1373,-0.9412,랭크아웃(Top3이탈),2,1.96,-3.14
2024-09-28,2024-10-01,OSMOUSDT,OSMO,845.0,765.0,69.68,30.0,-9.4675,-2.8402,랭크아웃(Top3이탈),3,0.12,-9.47
2024-10-01,2024-10-02,PEPEUSDT,PEPE,0.0142,0.013,47.92,30.0,-8.4507,-2.5352,랭크아웃(Top3이탈),1,0.0,-8.45
2024-10-02,2024-10-03,SUSDT,S,933.0,843.0,42.66,30.0,-9.6463,-2.8939,랭크아웃(Top3이탈),1,0.0,-9.65
2024-09-29,2024-10-05,SEIUSDT,SEI,618.0,554.0,63.93,30.0,-10.356,-3.1068,랭크아웃(Top3이탈),6,0.32,-13.59
2024-09-15,2024-10-06,SUIUSDT,SUI,1444.0,2382.0,12.37,30.0,64.9584,19.4875,21일만기,21,72.71,-0.0
2024-10-03,2024-10-06,APTUSDT,APT,11500.0,12090.0,38.89,30.0,5.1304,1.5391,랭크아웃(Top3이탈),3,6.87,-0.0
2024-10-06,2024-10-07,ARKUSDT,ARK,650.0,643.0,60.1,30.0,-1.0769,-0.3231,랭크아웃(Top3이탈),1,0.0,-1.08
2024-10-05,2024-10-08,AGIUSDT,AGI,252.0,238.0,51.81,30.0,-5.5556,-1.6667,랭크아웃(Top3이탈),3,0.0,-5.56
2024-10-07,2024-10-09,SEIUSDT,SEI,603.0,557.0,54.62,30.0,-7.6285,-2.2886,랭크아웃(Top3이탈),2,0.0,-7.63
2024-10-08,2024-10-10,APTUSDT,APT,12190.0,11160.0,55.78,30.0,-8.4495,-2.5349,랭크아웃(Top3이탈),2,1.8,-8.45
2024-10-09,2024-10-11,ORBSUSDT,ORBS,43.95,39.97,37.0,30.0,-9.0557,-2.7167,랭크아웃(Top3이탈),2,0.0,-9.06
2024-10-10,2024-10-11,CHZUSDT,CHZ,93.11,93.21,23.28,30.0,0.1074,0.0322,랭크아웃(Top3이탈),1,0.11,-0.0
2024-10-11,2024-10-13,AGIUSDT,AGI,237.0,235.0,32.4,30.0,-0.8439,-0.2532,랭크아웃(Top3이탈),2,4.22,-0.84
2024-10-11,2024-10-13,WLDUSDT,WLD,2629.0,2650.0,20.49,30.0,0.7988,0.2396,랭크아웃(Top3이탈),2,5.29,-0.0
2024-10-13,2024-10-14,SEIUSDT,SEI,624.0,662.0,26.83,30.0,6.0897,1.8269,랭크아웃(Top3이탈),1,6.09,-0.0
2024-10-13,2024-10-14,APTUSDT,APT,13350.0,13580.0,26.78,30.0,1.7228,0.5169,랭크아웃(Top3이탈),1,1.72,-0.0
2024-10-14,2024-10-15,BRETTUSDT,BRETT,152.0,143.0,38.18,30.0,-5.9211,-1.7763,랭크아웃(Top3이탈),1,0.0,-5.92
2024-10-14,2024-10-16,WLDUSDT,WLD,3165.0,3120.0,39.0,30.0,-1.4218,-0.4265,랭크아웃(Top3이탈),2,0.32,-1.42
2024-10-15,2024-10-16,APTUSDT,APT,13950.0,13460.0,29.29,30.0,-3.5125,-1.0538,랭크아웃(Top3이탈),1,0.0,-3.51
2024-10-06,2024-10-19,SUIUSDT,SUI,2382.0,2824.0,63.82,30.0,18.5558,5.5668,랭크아웃(Top3이탈),13,27.71,-0.0
2024-10-16,2024-10-19,ARKUSDT,ARK,845.0,808.0,55.05,30.0,-4.3787,-1.3136,랭크아웃(Top3이탈),3,0.0,-6.51
2024-10-19,2024-10-20,WLDUSDT,WLD,3379.0,3286.0,29.41,30.0,-2.7523,-0.8257,랭크아웃(Top3이탈),1,0.0,-2.75
2024-10-16,2024-10-21,STORJUSDT,STORJ,798.0,722.0,36.64,30.0,-9.5238,-2.8571,랭크아웃(Top3이탈),5,8.15,-9.52
2024-10-19,2024-10-21,APTUSDT,APT,13220.0,13680.0,25.07,30.0,3.4796,1.0439,랭크아웃(Top3이탈),2,4.16,-0.0
2024-10-21,2024-10-22,DYDXUSDT,DYDX,1748.0,1565.0,35.5,30.0,-10.4691,-3.1407,랭크아웃(Top3이탈),1,0.0,-10.47
2024-10-21,2024-10-22,ARPAUSDT,ARPA,75.3,69.15,35.12,30.0,-8.1673,-2.4502,랭크아웃(Top3이탈),1,0.0,-8.17
2024-10-22,2024-10-23,STORJUSDT,STORJ,726.0,680.0,43.76,30.0,-6.3361,-1.9008,랭크아웃(Top3이탈),1,0.0,-6.34
2024-10-22,2024-10-23,APTUSDT,APT,14570.0,13700.0,41.87,30.0,-5.9712,-1.7914,랭크아웃(Top3이탈),1,0.0,-5.97
2024-10-20,2024-10-24,ARKUSDT,ARK,840.0,751.0,38.16,30.0,-10.5952,-3.1786,랭크아웃(Top3이탈),4,0.0,-10.83
2024-10-23,2024-10-25,WLDUSDT,WLD,3091.0,3008.0,44.91,30.0,-2.6852,-0.8056,랭크아웃(Top3이탈),2,0.0,-2.69
2024-10-24,2024-10-25,STORJUSDT,STORJ,675.0,662.0,32.09,30.0,-1.9259,-0.5778,랭크아웃(Top3이탈),1,0.0,-1.93
2024-10-25,2024-10-26,DYDXUSDT,DYDX,1537.0,1317.0,29.92,30.0,-14.3136,-4.2941,랭크아웃(Top3이탈),1,0.0,-14.31
2024-10-25,2024-10-26,ARKUSDT,ARK,737.0,683.0,27.29,30.0,-7.327,-2.1981,랭크아웃(Top3이탈),1,0.0,-7.33
2024-10-26,2024-10-27,ARPAUSDT,ARPA,63.27,63.52,17.32,30.0,0.3951,0.1185,랭크아웃(Top3이탈),1,0.4,-0.0
2024-10-27,2024-10-30,JTOUSDT,JTO,3397.0,3286.0,20.42,30.0,-3.2676,-0.9803,랭크아웃(Top3이탈),3,1.35,-3.27
2024-10-26,2024-10-31,SOLUSDT,SOL,235300.0,237600.0,19.44,30.0,0.9775,0.2932,랭크아웃(Top3이탈),5,5.99,-0.0
2024-10-30,2024-11-01,ARPAUSDT,ARPA,65.4,64.06,29.61,30.0,-2.0489,-0.6147,랭크아웃(Top3이탈),2,0.17,-2.05
2024-11-01,2024-11-02,SOLUSDT,SOL,238700.0,229200.0,20.86,30.0,-3.9799,-1.194,랭크아웃(Top3이탈),1,0.0,-3.98
2024-10-23,2024-11-03,DOGEUSDT,DOGE,194.0,203.0,38.57,30.0,4.6392,1.3918,트레일(최고21%->5%),11,21.13,-4.12
2024-10-31,2024-11-03,JTOUSDT,JTO,3233.0,2720.0,24.68,30.0,-15.8676,-4.7603,랭크아웃(Top3이탈),3,0.59,-15.87
2024-11-02,2024-11-03,OGNUSDT,OGN,144.0,119.0,26.32,30.0,-17.3611,-5.2083,랭크아웃(Top3이탈),1,0.0,-17.36
2024-11-06,2024-11-08,UNIUSDT,UNI,12540.0,12100.0,25.15,30.0,-3.5088,-1.0526,랭크아웃(Top3이탈),2,0.0,-3.51
2024-11-03,2024-11-10,SOLUSDT,SOL,222200.0,284500.0,6.93,30.0,28.0378,8.4113,랭크아웃(Top3이탈),7,28.04,-0.0
2024-11-08,2024-11-10,JTOUSDT,JTO,3996.0,4219.0,34.18,30.0,5.5806,1.6742,랭크아웃(Top3이탈),2,5.58,-0.0
2024-11-10,2024-11-11,YFIUSDT,YFI,10292000.0,9289000.0,48.15,30.0,-9.7454,-2.9236,랭크아웃(Top3이탈),1,0.0,-9.75
2024-11-11,2024-11-13,SUIUSDT,SUI,4571.0,4609.0,72.17,30.0,0.8313,0.2494,랭크아웃(Top3이탈),2,0.83,-5.1
2024-11-10,2024-11-14,ADAUSDT,ADA,822.0,780.0,68.1,30.0,-5.1095,-1.5328,랭크아웃(Top3이탈),4,3.41,-5.11
2024-11-03,2024-11-15,DOGEUSDT,DOGE,203.0,512.0,31.82,30.0,152.2167,45.665,트레일(최고193%->152%),12,192.61,-0.0
2024-11-14,2024-11-15,SUIUSDT,SUI,4657.0,4786.0,77.0,30.0,2.77,0.831,랭크아웃(Top3이탈),1,2.77,-0.0
2024-11-15,2024-11-16,ADAUSDT,ADA,941.0,1086.0,106.36,30.0,15.4091,4.6227,랭크아웃(Top3이탈),1,15.41,-0.0
2024-11-15,2024-11-17,DOGEUSDT,DOGE,512.0,507.0,175.27,30.0,-0.9766,-0.293,랭크아웃(Top3이탈),2,0.0,-0.98
2024-11-16,2024-11-17,XRPUSDT,XRP,1665.0,1554.0,131.25,30.0,-6.6667,-2.0,랭크아웃(Top3이탈),1,0.0,-6.67
2024-11-13,2024-11-18,PEPEUSDT,PEPE,0.0259,0.0294,90.44,30.0,13.5135,4.0541,랭크아웃(Top3이탈),5,16.22,-0.0
2024-11-17,2024-11-18,BONKUSDT,BONK,0.0739,0.0716,157.49,30.0,-3.1123,-0.9337,랭크아웃(Top3이탈),1,0.0,-3.11
2024-11-17,2024-11-19,CSPRUSDT,CSPR,25.51,22.06,149.61,30.0,-13.5241,-4.0572,랭크아웃(Top3이탈),2,8.98,-13.52
2024-11-19,2024-11-22,BONKUSDT,BONK,0.0755,0.0689,151.67,30.0,-8.7417,-2.6225,랭크아웃(Top3이탈),3,1.72,-8.74
2024-11-22,2024-11-23,XRPUSDT,XRP,2001.0,2151.0,180.25,30.0,7.4963,2.2489,랭크아웃(Top3이탈),1,7.5,-0.0
2024-11-23,2024-11-25,ADAUSDT,ADA,1530.0,1370.0,231.17,30.0,-10.4575,-3.1373,랭크아웃(Top3이탈),2,0.0,-11.11
2024-11-25,2024-11-26,SANDUSDT,SAND,985.0,878.0,197.58,30.0,-10.8629,-3.2589,랭크아웃(Top3이탈),1,0.0,-10.86
2024-11-26,2024-11-28,ADAUSDT,ADA,1292.0,1389.0,165.3,30.0,7.5077,2.2523,랭크아웃(Top3이탈),2,7.89,-0.0
2024-11-18,2024-11-30,HBARUSDT,HBAR,170.0,234.0,148.36,30.0,37.6471,11.2941,랭크아웃(Top3이탈),12,37.65,-0.59
2024-11-28,2024-12-01,XRPUSDT,XRP,2049.0,2661.0,167.49,30.0,29.8682,8.9605,랭크아웃(Top3이탈),3,29.87,-0.0
2024-11-30,2024-12-02,ALGOUSDT,ALGO,622.0,691.0,211.0,30.0,11.0932,3.328,랭크아웃(Top3이탈),2,11.09,-0.0
2024-11-18,2024-12-03,XLMUSDT,XLM,343.0,672.0,157.89,30.0,95.9184,28.7755,트레일(최고120%->96%),15,120.12,-7.0
2024-12-02,2024-12-03,XRPUSDT,XRP,3646.0,3330.0,285.01,30.0,-8.667,-2.6001,랭크아웃(Top3이탈),1,0.0,-8.67
2024-12-03,2024-12-04,ALGOUSDT,ALGO,714.0,694.0,235.21,30.0,-2.8011,-0.8403,랭크아웃(Top3이탈),1,0.0,-2.8
2024-12-04,2024-12-05,XRPUSDT,XRP,3616.0,3295.0,257.67,30.0,-8.8772,-2.6632,랭크아웃(Top3이탈),1,0.0,-8.88
2024-12-03,2024-12-06,XLMUSDT,XLM,672.0,664.0,267.21,30.0,-1.1905,-0.3571,랭크아웃(Top3이탈),3,5.95,-1.19
2024-12-06,2024-12-07,CSPRUSDT,CSPR,29.68,32.8,141.5,30.0,10.5121,3.1536,랭크아웃(Top3이탈),1,10.51,-0.0
2024-12-07,2024-12-08,ALGOUSDT,ALGO,684.0,696.0,156.18,30.0,1.7544,0.5263,랭크아웃(Top3이탈),1,1.75,-0.0
2024-12-08,2024-12-09,KAIAUSDT,KAIA,443.0,413.0,136.9,30.0,-6.772,-2.0316,랭크아웃(Top3이탈),1,0.0,-6.77
2024-12-01,2024-12-10,HBARUSDT,HBAR,272.0,406.0,251.42,30.0,49.2647,14.7794,트레일(최고75%->49%),9,74.63,-0.0
2024-12-05,2024-12-10,SANDUSDT,SAND,1279.0,1001.0,221.36,30.0,-21.7357,-6.5207,스탑-20%,5,0.0,-21.74
2024-12-09,2024-12-10,XRPUSDT,XRP,3460.0,3120.0,127.48,30.0,-9.8266,-2.948,랭크아웃(Top3이탈),1,0.0,-9.83
2024-12-10,2024-12-11,ENSUSDT,ENS,50750.0,54850.0,100.75,30.0,8.0788,2.4236,랭크아웃(Top3이탈),1,8.08,-0.0
2024-12-11,2024-12-12,ALGOUSDT,ALGO,643.0,639.0,119.45,30.0,-0.6221,-0.1866,랭크아웃(Top3이탈),1,0.0,-0.62
2024-12-10,2024-12-14,SANDUSDT,SAND,1001.0,1067.0,107.68,30.0,6.5934,1.978,랭크아웃(Top3이탈),4,13.09,-0.0
2024-12-12,2024-12-15,ENSUSDT,ENS,60150.0,62850.0,128.71,30.0,4.4888,1.3466,랭크아웃(Top3이탈),3,4.49,-0.58
2024-12-14,2024-12-15,ONDOUSDT,ONDO,2686.0,2681.0,93.8,30.0,-0.1862,-0.0558,랭크아웃(Top3이탈),1,0.0,-0.19
2024-12-15,2024-12-16,PUFFERUSDT,PUFFER,1034.0,1011.0,98.46,30.0,-2.2244,-0.6673,랭크아웃(Top3이탈),1,0.0,-2.22
2024-12-15,2024-12-16,LMUSDT,LM,9.699,8.888,94.8,30.0,-8.3617,-2.5085,랭크아웃(Top3이탈),1,0.0,-8.36
2024-12-16,2024-12-17,ENSUSDT,ENS,65750.0,64100.0,110.53,30.0,-2.5095,-0.7529,랭크아웃(Top3이탈),1,0.0,-2.51
2024-12-17,2024-12-19,XRPUSDT,XRP,3832.0,3480.0,90.46,30.0,-9.1858,-2.7557,랭크아웃(Top3이탈),2,0.0,-9.19
2024-12-10,2024-12-21,HBARUSDT,HBAR,406.0,384.0,126.82,30.0,-5.4187,-1.6256,랭크아웃(Top3이탈),11,10.34,-5.42
2024-12-16,2024-12-23,ONDOUSDT,ONDO,2906.0,2361.0,107.87,30.0,-18.7543,-5.6263,랭크아웃(Top3이탈),7,0.0,-18.75
2024-12-21,2024-12-23,SUIUSDT,SUI,6975.0,6285.0,45.52,30.0,-9.8925,-2.9677,랭크아웃(Top3이탈),2,0.0,-9.89
2024-12-23,2024-12-24,LMUSDT,LM,7.89,8.209,42.39,30.0,4.0431,1.2129,랭크아웃(Top3이탈),1,4.04,-0.0
2024-12-23,2024-12-25,PUFFERUSDT,PUFFER,924.0,1119.0,32.95,30.0,21.1039,6.3312,랭크아웃(Top3이탈),2,21.1,-0.0
2024-12-24,2024-12-25,SUIUSDT,SUI,6980.0,6740.0,35.8,30.0,-3.4384,-1.0315,랭크아웃(Top3이탈),1,0.0,-3.44
2024-12-25,2024-12-26,HBARUSDT,HBAR,465.0,435.0,13.14,30.0,-6.4516,-1.9355,랭크아웃(Top3이탈),1,0.0,-6.45
2024-12-26,2024-12-27,SUIUSDT,SUI,6395.0,6330.0,9.5,30.0,-1.0164,-0.3049,랭크아웃(Top3이탈),1,0.0,-1.02
2024-12-27,2024-12-28,STRAXUSDT,STRAX,121.0,114.0,9.01,30.0,-5.7851,-1.7355,랭크아웃(Top3이탈),1,0.0,-5.79
2024-12-28,2024-12-30,ZTXUSDT,ZTX,10.66,9.01,10.62,30.0,-15.4784,-4.6435,랭크아웃(Top3이탈),2,0.0,-15.48
2024-12-19,2025-01-03,VIRTUALUSDT,VIRTUAL,3687.0,6305.0,89.47,30.0,71.0062,21.3019,트레일(최고93%->71%),15,92.57,-7.35
2024-12-25,2025-01-03,MORPHOUSDT,MORPHO,4718.0,4782.0,67.66,30.0,1.3565,0.407,랭크아웃(Top3이탈),9,7.88,-12.72
2025-01-03,2025-01-07,VIRTUALUSDT,VIRTUAL,6305.0,5750.0,69.9,30.0,-8.8025,-2.6408,랭크아웃(Top3이탈),4,2.46,-8.8
2024-12-30,2025-01-08,MOVEUSDT,MOVE,1385.0,1373.0,27.89,30.0,-0.8664,-0.2599,랭크아웃(Top3이탈),9,13.57,-8.81
2025-01-07,2025-01-09,DUSDT,D,393.0,297.0,57.2,30.0,-24.4275,-7.3282,스탑-20%,2,0.0,-24.43
2025-01-08,2025-01-09,STRAXUSDT,STRAX,129.0,128.0,43.96,30.0,-0.7752,-0.2326,랭크아웃(Top3이탈),1,0.0,-0.78
2025-01-03,2025-01-10,ACSUSDT,ACS,3.683,4.591,38.77,30.0,24.6538,7.3961,트레일(최고42%->25%),7,42.0,-0.0
2025-01-09,2025-01-10,TOKAMAKUSDT,TOKAMAK,3850.0,3167.0,65.59,30.0,-17.7403,-5.3221,랭크아웃(Top3이탈),1,0.0,-17.74
2025-01-10,2025-01-11,TEMCOUSDT,TEMCO,3.242,2.835,34.69,30.0,-12.554,-3.7662,랭크아웃(Top3이탈),1,0.0,-12.55
2025-01-09,2025-01-13,MOCUSDT,MOC,218.0,166.0,91.23,30.0,-23.8532,-7.156,스탑-20%,4,11.93,-23.85
2025-01-11,2025-01-13,PUFFERUSDT,PUFFER,1221.0,1088.0,35.07,30.0,-10.8927,-3.2678,랭크아웃(Top3이탈),2,0.0,-10.89
2025-01-13,2025-01-15,HUNTUSDT,HUNT,582.0,586.0,16.63,30.0,0.6873,0.2062,랭크아웃(Top3이탈),2,2.58,-0.0
2025-01-13,2025-01-16,MOCUSDT,MOC,166.0,172.0,28.68,30.0,3.6145,1.0843,랭크아웃(Top3이탈),3,12.65,-0.0
2025-01-15,2025-01-19,XCNUSDT,XCN,4.148,14.37,30.73,30.0,246.432,73.9296,트레일(최고348%->246%),4,348.41,-0.0
2025-01-16,2025-01-20,XRPUSDT,XRP,4764.0,4973.0,46.31,30.0,4.3871,1.3161,랭크아웃(Top3이탈),4,4.39,-0.52
2025-01-19,2025-01-21,XCNUSDT,XCN,14.37,16.96,310.57,30.0,18.0237,5.4071,트레일(최고36%->18%),2,35.7,-0.0
2025-01-20,2025-01-21,SWAPUSDT,SWAP,271.0,218.0,57.56,30.0,-19.5572,-5.8672,랭크아웃(Top3이탈),1,0.0,-19.56
2025-01-10,2025-01-23,ACSUSDT,ACS,4.591,4.495,100.31,30.0,-2.091,-0.6273,랭크아웃(Top3이탈),13,11.22,-4.62
2025-01-21,2025-01-24,XRPUSDT,XRP,4649.0,4732.0,42.83,30.0,1.7853,0.5356,랭크아웃(Top3이탈),3,1.79,-0.0
2025-01-24,2025-01-26,SWAPUSDT,SWAP,246.0,293.0,35.91,30.0,19.1057,5.7317,트레일(최고34%->19%),2,34.15,-0.0
2025-01-21,2025-01-27,XCNUSDT,XCN,16.96,46.19,400.74,30.0,172.3467,51.704,트레일(최고301%->172%),6,300.94,-0.0
2025-01-23,2025-01-27,BIOTUSDT,BIOT,2.737,3.173,36.51,30.0,15.9299,4.779,트레일(최고55%->16%),4,54.8,-0.0
2025-01-26,2025-01-27,OBSRUSDT,OBSR,7.981,5.151,193.96,30.0,-35.4592,-10.6378,스탑-20%,1,0.0,-35.46
2025-01-27,2025-01-28,BIOTUSDT,BIOT,3.173,3.299,37.9,30.0,3.971,1.1913,랭크아웃(Top3이탈),1,3.97,-0.0
2025-01-28,2025-01-29,DEEPUSDT,DEEP,375.0,346.0,53.69,30.0,-7.7333,-2.32,랭크아웃(Top3이탈),1,0.0,-7.73
2025-01-29,2025-01-30,BIOTUSDT,BIOT,3.376,3.415,58.65,30.0,1.1552,0.3466,랭크아웃(Top3이탈),1,1.16,-0.0
2025-01-27,2025-01-31,XCNUSDT,XCN,46.19,49.3,1028.51,30.0,6.7331,2.0199,트레일(최고22%->7%),4,21.58,-4.31
2025-01-27,2025-01-31,OBSRUSDT,OBSR,5.151,4.08,89.31,30.0,-20.7921,-6.2376,스탑-20%,4,2.93,-20.79
2025-01-31,2025-02-01,BIOTUSDT,BIOT,3.497,3.344,50.67,30.0,-4.3752,-1.3126,랭크아웃(Top3이탈),1,0.0,-4.38
2025-02-01,2025-02-02,GRACYUSDT,GRACY,80.0,59.21,70.36,30.0,-25.9875,-7.7962,스탑-20%,1,0.0,-25.99
2025-01-30,2025-02-03,DEEPUSDT,DEEP,437.0,330.0,93.36,30.0,-24.4851,-7.3455,스탑-20%,4,0.0,-24.49
2025-02-02,2025-02-04,BELUSDT,BEL,1219.0,1209.0,61.46,30.0,-0.8203,-0.2461,랭크아웃(Top3이탈),2,9.02,-0.82
2025-02-03,2025-02-05,DEEPUSDT,DEEP,330.0,343.0,49.32,30.0,3.9394,1.1818,랭크아웃(Top3이탈),2,10.3,-0.0
2025-01-31,2025-02-09,XCNUSDT,XCN,49.3,39.11,1133.73,30.0,-20.6694,-6.2008,스탑-20%,9,6.13,-20.67
2025-02-05,2025-02-10,BELUSDT,BEL,1280.0,1403.0,54.96,30.0,9.6094,2.8828,트레일(최고25%->10%),5,25.39,-0.0
2025-02-04,2025-02-12,OBSRUSDT,OBSR,3.895,3.072,49.75,30.0,-21.1297,-6.3389,스탑-20%,8,1.64,-21.13
2025-02-09,2025-02-14,XCNUSDT,XCN,39.11,33.58,100.56,30.0,-14.1396,-4.2419,랭크아웃(Top3이탈),5,0.0,-15.6
2025-02-12,2025-02-14,OBSRUSDT,OBSR,3.072,3.062,22.78,30.0,-0.3255,-0.0977,랭크아웃(Top3이탈),2,0.46,-0.33
2025-02-14,2025-02-15,WAVESUSDT,WAVES,2609.0,2369.0,8.89,30.0,-9.1989,-2.7597,랭크아웃(Top3이탈),1,0.0,-9.2
2025-02-15,2025-02-16,SUSDT,S,800.0,777.0,-1.23,30.0,-2.875,-0.8625,랭크아웃(Top3이탈),1,0.0,-2.88
2025-02-14,2025-02-17,JTOUSDT,JTO,4829.0,4392.0,14.3,30.0,-9.0495,-2.7148,랭크아웃(Top3이탈),3,0.0,-9.05
2025-02-16,2025-02-17,GLMUSDT,GLM,529.0,490.0,6.87,30.0,-7.3724,-2.2117,랭크아웃(Top3이탈),1,0.0,-7.37
2025-02-17,2025-02-20,WAVESUSDT,WAVES,2479.0,2557.0,7.69,30.0,3.1464,0.9439,랭크아웃(Top3이탈),3,7.3,-0.0
2025-02-10,2025-02-22,BELUSDT,BEL,1403.0,1325.0,80.1,30.0,-5.5595,-1.6679,랭크아웃(Top3이탈),12,0.29,-10.98
2025-02-22,2025-02-23,WAVESUSDT,WAVES,2505.0,2510.0,10.99,30.0,0.1996,0.0599,랭크아웃(Top3이탈),1,0.2,-0.0
2025-02-17,2025-02-24,SUSDT,S,900.0,1191.0,26.05,30.0,32.3333,9.7,트레일(최고47%->32%),7,47.11,-2.11
2025-02-23,2025-02-24,ZRCUSDT,ZRC,96.5,91.1,42.06,30.0,-5.5959,-1.6788,랭크아웃(Top3이탈),1,0.0,-5.6
2025-02-24,2025-02-25,WAVESUSDT,WAVES,2375.0,2093.0,18.93,30.0,-11.8737,-3.5621,랭크아웃(Top3이탈),1,0.0,-11.87
2025-02-20,2025-02-26,SUNDOGUSDT,SUNDOG,100.0,77.69,20.29,30.0,-22.31,-6.693,스탑-20%,6,10.0,-22.31
2025-02-25,2025-02-27,VANAUSDT,VANA,12770.0,12670.0,27.76,30.0,-0.7831,-0.2349,랭크아웃(Top3이탈),2,0.0,-0.78
2025-02-27,2025-03-02,GLMUSDT,GLM,555.0,504.0,43.41,30.0,-9.1892,-2.7568,랭크아웃(Top3이탈),3,0.0,-9.19
2025-03-02,2025-03-03,VANAUSDT,VANA,12870.0,11170.0,37.13,30.0,-13.209,-3.9627,랭크아웃(Top3이탈),1,0.0,-13.21
2025-02-24,2025-03-04,SUSDT,S,1191.0,780.0,72.86,30.0,-34.5088,-10.3526,스탑-20%,8,0.0,-34.51
2025-03-03,2025-03-04,GLMUSDT,GLM,475.0,467.0,21.17,30.0,-1.6842,-0.5053,랭크아웃(Top3이탈),1,0.0,-1.68
2025-03-04,2025-03-05,REQUSDT,REQ,174.0,168.0,24.29,30.0,-3.4483,-1.0345,랭크아웃(Top3이탈),1,0.0,-3.45
2025-03-04,2025-03-05,SOLVUSDT,SOLV,64.5,62.28,23.47,30.0,-3.4419,-1.0326,랭크아웃(Top3이탈),1,0.0,-3.44
2025-03-05,2025-03-06,ADAUSDT,ADA,1424.0,1366.0,20.58,30.0,-4.073,-1.2219,랭크아웃(Top3이탈),1,0.0,-4.07
2025-03-06,2025-03-07,REQUSDT,REQ,176.0,169.0,15.03,30.0,-3.9773,-1.1932,랭크아웃(Top3이탈),1,0.0,-3.98
2025-03-07,2025-03-09,SOLVUSDT,SOLV,68.58,55.74,31.45,30.0,-18.7227,-5.6168,랭크아웃(Top3이탈),2,0.0,-18.72
2025-03-09,2025-03-10,REQUSDT,REQ,177.0,164.0,14.94,30.0,-7.3446,-2.2034,랭크아웃(Top3이탈),1,0.0,-7.34
2025-02-26,2025-03-11,SUNDOGUSDT,SUNDOG,77.69,65.27,47.56,30.0,-15.9866,-4.796,랭크아웃(Top3이탈),13,5.86,-15.99
2025-03-11,2025-03-12,SOLVUSDT,SOLV,57.24,61.84,23.63,30.0,8.0363,2.4109,랭크아웃(Top3이탈),1,8.04,-0.0
2025-03-05,2025-03-13,IPUSDT,IP,8000.0,8590.0,133.85,30.0,7.375,2.2125,랭크아웃(Top3이탈),8,9.81,-10.75
2025-03-12,2025-03-13,KAITOUSDT,KAITO,1947.0,2100.0,42.43,30.0,7.8582,2.3575,랭크아웃(Top3이탈),1,7.86,-0.0
2025-03-13,2025-03-14,SOLVUSDT,SOLV,76.8,65.91,44.23,30.0,-14.1797,-4.2539,랭크아웃(Top3이탈),1,0.0,-14.18
2025-03-13,2025-03-16,GRNDUSDT,GRND,85.34,88.28,24.75,30.0,3.445,1.0335,랭크아웃(Top3이탈),3,4.94,-0.0
2025-03-14,2025-03-17,IPUSDT,IP,8695.0,7895.0,30.56,30.0,-9.2007,-2.7602,랭크아웃(Top3이탈),3,0.0,-9.2
2025-03-10,2025-03-18,LAYERUSDT,LAYER,1279.0,1488.0,36.06,30.0,16.3409,4.9023,트레일(최고40%->16%),8,39.72,-0.0
2025-03-16,2025-03-18,A8USDT,A8,370.0,250.0,59.48,30.0,-32.4324,-9.7297,스탑-20%,2,0.0,-32.43
2025-03-18,2025-03-19,LAYERUSDT,LAYER,1488.0,1359.0,36.76,30.0,-8.6694,-2.6008,랭크아웃(Top3이탈),1,0.0,-8.67
2025-03-17,2025-03-20,GRNDUSDT,GRND,86.06,80.6,34.51,30.0,-6.3444,-1.9033,랭크아웃(Top3이탈),3,4.44,-9.96
2025-03-18,2025-03-20,FANCUSDT,FANC,7.817,8.212,21.46,30.0,5.0531,1.5159,랭크아웃(Top3이탈),2,5.05,-0.0
2025-03-19,2025-03-21,RSS3USDT,RSS3,116.0,104.0,33.98,30.0,-10.3448,-3.1034,랭크아웃(Top3이탈),2,4.31,-10.34
2025-03-20,2025-03-22,SUNDOGUSDT,SUNDOG,97.13,85.87,39.27,30.0,-11.5927,-3.4778,랭크아웃(Top3이탈),2,0.0,-11.59
2025-03-20,2025-03-23,LAYERUSDT,LAYER,1514.0,1496.0,33.51,30.0,-1.1889,-0.3567,랭크아웃(Top3이탈),3,18.23,-1.19
2025-03-22,2025-03-25,RSS3USDT,RSS3,117.0,98.09,41.34,30.0,-16.1624,-4.8487,랭크아웃(Top3이탈),3,0.0,-16.16
2025-03-23,2025-03-25,SUNDOGUSDT,SUNDOG,86.19,85.02,23.13,30.0,-1.3575,-0.4072,랭크아웃(Top3이탈),2,5.28,-1.36
2025-03-25,2025-03-26,PLUMEUSDT,PLUME,300.0,266.0,40.85,30.0,-11.3333,-3.4,랭크아웃(Top3이탈),1,0.0,-11.33
2025-03-26,2025-03-27,SWELLUSDT,SWELL,27.77,21.03,59.6,30.0,-24.2708,-7.2812,스탑-20%,1,0.0,-24.27
2025-03-27,2025-03-28,SAFEUSDT,SAFE,998.0,851.0,40.37,30.0,-14.7295,-4.4188,랭크아웃(Top3이탈),1,0.0,-14.73
2025-03-28,2025-03-30,CARVUSDT,CARV,710.0,588.0,43.43,30.0,-17.1831,-5.1549,랭크아웃(Top3이탈),2,0.0,-17.18
2025-03-25,2025-04-02,LAYERUSDT,LAYER,2110.0,2082.0,58.65,30.0,-1.327,-0.3981,랭크아웃(Top3이탈),8,6.82,-10.9
2025-03-30,2025-04-03,SAFEUSDT,SAFE,820.0,744.0,37.35,30.0,-9.2683,-2.7805,랭크아웃(Top3이탈),4,9.27,-9.27
2025-04-02,2025-04-04,CARVUSDT,CARV,587.0,554.0,34.02,30.0,-5.6218,-1.6865,랭크아웃(Top3이탈),2,0.0,-7.33
2025-04-03,2025-04-04,PLUMEUSDT,PLUME,257.0,272.0,22.97,30.0,5.8366,1.751,랭크아웃(Top3이탈),1,5.84,-0.0
2025-04-04,2025-04-07,CRTSUSDT,CRTS,0.4328,0.4814,67.23,30.0,11.2292,3.3688,트레일(최고27%->11%),3,26.92,-0.0
2025-03-21,2025-04-10,FANCUSDT,FANC,8.623,9.763,35.77,30.0,13.2205,3.9661,랭크아웃(Top3이탈),20,19.1,-0.0
2025-04-10,2025-04-12,XCNUSDT,XCN,21.1,28.68,23.61,30.0,35.9242,10.7773,트레일(최고56%->36%),2,56.07,-0.0
2025-04-07,2025-04-15,CRTSUSDT,CRTS,0.4814,0.3705,71.99,30.0,-23.037,-6.9111,스탑-20%,8,0.79,-23.04
2025-04-04,2025-04-17,LAYERUSDT,LAYER,2153.0,2827.0,25.17,30.0,31.3052,9.3915,랭크아웃(Top3이탈),13,43.43,-3.39
2025-04-17,2025-04-18,ARKUSDT,ARK,716.0,676.0,49.79,30.0,-5.5866,-1.676,랭크아웃(Top3이탈),1,0.0,-5.59
2025-04-15,2025-04-20,ARDRUSDT,ARDR,122.0,148.0,29.57,30.0,21.3115,6.3934,트레일(최고40%->21%),5,40.16,-0.0
2025-04-18,2025-04-20,STRAXUSDT,STRAX,98.03,89.74,67.12,30.0,-8.4566,-2.537,랭크아웃(Top3이탈),2,0.0,-8.46
2025-04-20,2025-04-21,ARKUSDT,ARK,731.0,685.0,59.96,30.0,-6.2927,-1.8878,랭크아웃(Top3이탈),1,0.0,-6.29
2025-04-20,2025-04-22,ARDRUSDT,ARDR,148.0,126.0,71.0,30.0,-14.8649,-4.4595,랭크아웃(Top3이탈),2,0.0,-14.86
2025-04-21,2025-04-24,MAGICUSDT,MAGIC,376.0,280.0,121.18,30.0,-25.5319,-7.6596,스탑-20%,3,0.0,-25.53
2025-04-22,2025-04-24,DEEPUSDT,DEEP,164.0,234.0,64.0,30.0,42.6829,12.8049,트레일(최고71%->43%),2,71.34,-0.0
2025-04-12,2025-04-25,XCNUSDT,XCN,28.68,31.03,74.88,30.0,8.1939,2.4582,랭크아웃(Top3이탈),13,10.22,-13.56
2025-04-24,2025-04-26,ARDRUSDT,ARDR,149.0,178.0,133.18,30.0,19.4631,5.8389,트레일(최고34%->19%),2,33.56,-0.0
2025-04-26,2025-04-28,ARDRUSDT,ARDR,178.0,181.0,173.13,30.0,1.6854,0.5056,랭크아웃(Top3이탈),2,1.69,-11.24
2025-04-25,2025-04-29,MAGICUSDT,MAGIC,295.0,299.0,152.14,30.0,1.3559,0.4068,랭크아웃(Top3이탈),4,3.39,-0.0
2025-04-24,2025-04-30,DEEPUSDT,DEEP,234.0,265.0,172.09,30.0,13.2479,3.9744,트레일(최고39%->13%),6,39.32,-0.0
2025-04-28,2025-04-30,PENGUUSDT,PENGU,17.16,15.26,186.19,30.0,-11.0723,-3.3217,랭크아웃(Top3이탈),2,0.0,-11.07
2025-04-30,2025-05-05,MAGICUSDT,MAGIC,307.0,235.0,174.11,30.0,-23.4528,-7.0358,스탑-20%,5,0.0,-23.45
2025-04-29,2025-05-06,VIRTUALUSDT,VIRTUAL,2108.0,2089.0,220.36,30.0,-0.9013,-0.2704,트레일(최고26%->-1%),7,25.62,-9.58
2025-04-30,2025-05-06,DEEPUSDT,DEEP,265.0,248.0,221.84,30.0,-6.4151,-1.9245,랭크아웃(Top3이탈),6,12.08,-6.42
2025-05-06,2025-05-10,MAGICUSDT,MAGIC,229.0,268.0,118.1,30.0,17.0306,5.1092,랭크아웃(Top3이탈),4,24.02,-3.06
2025-05-10,2025-05-13,BRETTUSDT,BRETT,115.0,113.0,134.12,30.0,-1.7391,-0.5217,랭크아웃(Top3이탈),3,2.61,-2.61
2025-05-13,2025-05-14,KAITOUSDT,KAITO,2803.0,2645.0,120.02,30.0,-5.6368,-1.691,랭크아웃(Top3이탈),1,0.0,-5.64
2025-05-05,2025-05-15,PENGUUSDT,PENGU,15.55,18.69,123.32,30.0,20.1929,6.0579,트레일(최고34%->20%),10,33.63,-0.32
2025-05-06,2025-05-17,VIRTUALUSDT,VIRTUAL,2089.0,2422.0,162.77,30.0,15.9406,4.7822,트레일(최고36%->16%),11,36.43,-8.14
2025-05-17,2025-05-19,VIRTUALUSDT,VIRTUAL,2422.0,2707.0,55.56,30.0,11.7671,3.5301,랭크아웃(Top3이탈),2,15.19,-0.0
2025-05-19,2025-05-20,SPURSUSDT,SPURS,1184.0,1215.0,51.02,30.0,2.6182,0.7855,랭크아웃(Top3이탈),1,2.62,-0.0
2025-05-20,2025-05-21,EIGENUSDT,EIGEN,1944.0,2104.0,47.5,30.0,8.2305,2.4691,랭크아웃(Top3이탈),1,8.23,-0.0
2025-05-21,2025-05-23,PEPEUSDT,PEPE,0.0196,0.0209,53.12,30.0,6.6327,1.9898,랭크아웃(Top3이탈),2,6.63,-0.0
2025-05-23,2025-05-26,COOKIEUSDT,COOKIE,435.0,379.0,79.01,30.0,-12.8736,-3.8621,랭크아웃(Top3이탈),3,0.0,-12.87
2025-05-15,2025-05-27,KAITOUSDT,KAITO,2617.0,3017.0,92.14,30.0,15.2847,4.5854,랭크아웃(Top3이탈),12,15.28,-5.5
2025-05-27,2025-05-28,VIRTUALUSDT,VIRTUAL,3308.0,3250.0,72.38,30.0,-1.7533,-0.526,랭크아웃(Top3이탈),1,0.0,-1.75
2025-05-26,2025-05-30,EIGENUSDT,EIGEN,2006.0,2084.0,79.11,30.0,3.8883,1.1665,랭크아웃(Top3이탈),4,16.1,-0.0
2025-05-14,2025-05-31,ETHFIUSDT,ETHFI,1850.0,1619.0,111.91,30.0,-12.4865,-3.7459,랭크아웃(Top3이탈),17,7.08,-12.49
2025-05-28,2025-05-31,KAITOUSDT,KAITO,3062.0,2764.0,62.7,30.0,-9.7322,-2.9197,랭크아웃(Top3이탈),3,3.69,-9.73
2025-05-30,2025-05-31,LPTUSDT,LPT,18320.0,12950.0,132.19,30.0,-29.3122,-8.7937,스탑-20%,1,0.0,-29.31
2025-05-31,2025-06-01,COOKIEUSDT,COOKIE,326.0,317.0,26.85,30.0,-2.7607,-0.8282,랭크아웃(Top3이탈),1,0.0,-2.76
2025-05-31,2025-06-02,LWPUSDT,LWP,28.48,24.52,44.35,30.0,-13.9045,-4.1713,랭크아웃(Top3이탈),2,0.0,-13.9
2025-06-02,2025-06-05,COOKIEUSDT,COOKIE,338.0,307.0,36.29,30.0,-9.1716,-2.7515,랭크아웃(Top3이탈),3,0.0,-9.17
2025-05-31,2025-06-07,LPTUSDT,LPT,12950.0,10360.0,56.31,30.0,-20.0,-6.0,스탑-20%,7,0.0,-20.0
2025-06-01,2025-06-07,ANIMEUSDT,ANIME,35.99,39.38,25.58,30.0,9.4193,2.8258,트레일(최고37%->9%),6,36.93,-0.0
2025-06-07,2025-06-09,LPTUSDT,LPT,10360.0,10410.0,27.35,30.0,0.4826,0.1448,랭크아웃(Top3이탈),2,7.43,-0.0
2025-06-07,2025-06-10,COOKIEUSDT,COOKIE,297.0,357.0,28.02,30.0,20.202,6.0606,랭크아웃(Top3이탈),3,20.2,-0.0
2025-06-09,2025-06-11,ANIMEUSDT,ANIME,48.7,41.05,41.94,30.0,-15.7084,-4.7125,랭크아웃(Top3이탈),2,9.67,-15.71
2025-06-05,2025-06-12,LWPUSDT,LWP,29.33,29.68,37.18,30.0,1.1933,0.358,랭크아웃(Top3이탈),7,10.74,-0.03
2025-06-11,2025-06-13,KAIAUSDT,KAIA,234.0,219.0,39.29,30.0,-6.4103,-1.9231,랭크아웃(Top3이탈),2,4.27,-6.41
2025-06-10,2025-06-14,XPLAUSDT,XPLA,80.91,71.62,47.78,30.0,-11.4819,-3.4446,랭크아웃(Top3이탈),4,7.53,-11.48
2025-06-13,2025-06-15,FANCUSDT,FANC,11.77,8.484,81.22,30.0,-27.9184,-8.3755,스탑-20%,2,0.0,-27.92
2025-06-14,2025-06-15,MAPOUSDT,MAPO,10.11,8.216,51.3,30.0,-18.7339,-5.6202,랭크아웃(Top3이탈),1,0.0,-18.73
2025-06-15,2025-06-16,LWPUSDT,LWP,28.14,28.31,38.01,30.0,0.6041,0.1812,랭크아웃(Top3이탈),1,0.6,-0.0
2025-06-16,2025-06-18,KAIAUSDT,KAIA,223.0,222.0,39.38,30.0,-0.4484,-0.1345,랭크아웃(Top3이탈),2,0.0,-2.69
2025-06-15,2025-06-19,XPLAUSDT,XPLA,78.74,73.37,43.74,30.0,-6.8199,-2.046,랭크아웃(Top3이탈),4,0.0,-6.82
2025-06-18,2025-06-20,FANCUSDT,FANC,9.134,8.375,53.15,30.0,-8.3096,-2.4929,랭크아웃(Top3이탈),2,1.0,-8.31
2025-06-12,2025-06-26,MEVUSDT,MEV,17.5,13.04,327.25,30.0,-25.4857,-7.6457,스탑-20%,14,13.94,-25.49
2025-06-19,2025-06-28,AEROUSDT,AERO,1262.0,1034.0,68.49,30.0,-18.0666,-5.42,랭크아웃(Top3이탈),9,0.0,-18.07
2025-06-20,2025-06-29,KAIAUSDT,KAIA,268.0,230.0,79.87,30.0,-14.1791,-4.2537,랭크아웃(Top3이탈),9,4.85,-14.18
2025-06-26,2025-06-30,MEVUSDT,MEV,13.04,10.37,253.39,30.0,-20.4755,-6.1426,스탑-20%,4,0.0,-20.48
2025-06-29,2025-07-01,AEROUSDT,AERO,1058.0,1040.0,48.39,30.0,-1.7013,-0.5104,랭크아웃(Top3이탈),2,5.86,-1.7
2025-06-30,2025-07-02,MEVUSDT,MEV,10.37,8.648,86.61,30.0,-16.6056,-4.9817,랭크아웃(Top3이탈),2,0.0,-16.61
2025-07-02,2025-07-03,AEROUSDT,AERO,1093.0,1054.0,43.25,30.0,-3.5682,-1.0704,랭크아웃(Top3이탈),1,0.0,-3.57
2025-07-01,2025-07-06,HFTUSDT,HFT,181.0,134.0,103.6,30.0,-25.9669,-7.7901,스탑-20%,5,4.97,-25.97
2025-07-03,2025-07-07,PENGUUSDT,PENGU,21.13,19.81,56.17,30.0,-6.247,-1.8741,랭크아웃(Top3이탈),4,3.22,-6.25
2025-06-28,2025-07-08,SEIUSDT,SEI,393.0,345.0,49.43,30.0,-12.2137,-3.6641,랭크아웃(Top3이탈),10,6.87,-12.21
2025-07-06,2025-07-13,HFTUSDT,HFT,134.0,109.0,69.79,30.0,-18.6567,-5.597,랭크아웃(Top3이탈),7,0.0,-18.66
2025-07-08,2025-07-18,PENGUUSDT,PENGU,20.95,40.0,66.14,30.0,90.9308,27.2792,트레일(최고118%->91%),10,117.52,-4.92
2025-07-13,2025-07-20,XLMUSDT,XLM,628.0,643.0,94.43,30.0,2.3885,0.7166,랭크아웃(Top3이탈),7,3.18,-3.18
2025-07-20,2025-07-22,CFXUSDT,CFX,236.0,254.0,131.37,30.0,7.6271,2.2881,트레일(최고24%->8%),2,24.15,-0.0
2025-07-07,2025-07-23,BONKUSDT,BONK,0.0304,0.0455,54.31,30.0,49.6711,14.9013,랭크아웃(Top3이탈),16,61.84,-8.88
2025-07-18,2025-07-25,PENGUUSDT,PENGU,40.0,49.37,142.57,30.0,23.425,7.0275,트레일(최고43%->23%),7,42.58,-0.0
2025-07-23,2025-07-26,SPKUSDT,SPK,197.0,143.0,317.64,30.0,-27.4112,-8.2234,스탑-20%,3,0.0,-27.41
2025-07-22,2025-07-28,CFXUSDT,CFX,254.0,249.0,141.9,30.0,-1.9685,-0.5906,랭크아웃(Top3이탈),6,0.0,-8.66
2025-07-26,2025-07-29,SPKUSDT,SPK,143.0,108.0,229.34,30.0,-24.4755,-7.3427,스탑-20%,3,0.0,-24.48
2025-07-28,2025-07-29,ENAUSDT,ENA,888.0,793.0,155.91,30.0,-10.6982,-3.2095,랭크아웃(Top3이탈),1,0.0,-10.7
2025-07-25,2025-07-30,PENGUUSDT,PENGU,49.37,51.65,126.36,30.0,4.6182,1.3855,랭크아웃(Top3이탈),5,18.84,-0.0
2025-07-29,2025-07-31,SPKUSDT,SPK,108.0,127.0,163.03,30.0,17.5926,5.2778,트레일(최고34%->18%),2,34.26,-0.0
2025-07-31,2025-08-08,SPKUSDT,SPK,127.0,156.0,170.56,30.0,22.8346,6.8504,트레일(최고42%->23%),8,41.73,-1.57
2025-07-29,2025-08-09,CFXUSDT,CFX,319.0,294.0,209.71,30.0,-7.837,-2.3511,랭크아웃(Top3이탈),11,0.0,-16.3
2025-07-30,2025-08-09,ENAUSDT,ENA,799.0,1005.0,101.77,30.0,25.7822,7.7347,랭크아웃(Top3이탈),10,25.78,-6.01
2025-08-08,2025-08-11,SPKUSDT,SPK,156.0,143.0,199.83,30.0,-8.3333,-2.5,랭크아웃(Top3이탈),3,1.92,-8.33
2025-08-09,2025-08-14,SOONUSDT,SOON,480.0,478.0,140.0,30.0,-0.4167,-0.125,트레일(최고27%->-0%),5,27.5,-0.42
2025-08-09,2025-08-14,MAGICUSDT,MAGIC,390.0,340.0,59.84,30.0,-12.8205,-3.8462,랭크아웃(Top3이탈),5,0.0,-12.82
2025-08-11,2025-08-14,ENAUSDT,ENA,1102.0,1044.0,55.87,30.0,-5.2632,-1.5789,랭크아웃(Top3이탈),3,0.0,-5.26
2025-08-14,2025-08-15,AEROUSDT,AERO,1868.0,1906.0,59.52,30.0,2.0343,0.6103,랭크아웃(Top3이탈),1,2.03,-0.0
2025-08-14,2025-08-17,SKLUSDT,SKL,62.2,48.12,107.47,30.0,-22.6367,-6.791,스탑-20%,3,0.0,-22.64
2025-08-14,2025-08-18,SOONUSDT,SOON,478.0,377.0,143.88,30.0,-21.1297,-6.3389,스탑-20%,4,0.0,-21.13
2025-08-15,2025-08-18,MAGICUSDT,MAGIC,375.0,340.0,72.81,30.0,-9.3333,-2.8,랭크아웃(Top3이탈),3,0.0,-9.33
2025-08-18,2025-08-20,SKLUSDT,SKL,50.75,42.62,73.44,30.0,-16.0197,-4.8059,랭크아웃(Top3이탈),2,0.0,-16.02
2025-08-20,2025-08-21,MAGICUSDT,MAGIC,322.0,325.0,58.62,30.0,0.9317,0.2795,랭크아웃(Top3이탈),1,0.93,-0.0
2025-08-18,2025-08-22,SOONUSDT,SOON,377.0,371.0,91.37,30.0,-1.5915,-0.4775,랭크아웃(Top3이탈),4,1.59,-2.65
2025-08-21,2025-08-24,SKLUSDT,SKL,44.47,45.45,63.97,30.0,2.2037,0.6611,랭크아웃(Top3이탈),3,9.58,-0.0
2025-08-24,2025-08-26,XTERUSDT,XTER,274.0,196.0,112.4,30.0,-28.4672,-8.5401,스탑-20%,2,0.0,-28.47
2025-08-22,2025-08-27,FLOCKUSDT,FLOCK,412.0,457.0,83.11,30.0,10.9223,3.2767,트레일(최고38%->11%),5,37.86,-0.0
2025-08-26,2025-08-27,XTERUSDT,XTER,196.0,173.0,54.33,30.0,-11.7347,-3.5204,랭크아웃(Top3이탈),1,0.0,-11.73
2025-08-17,2025-08-28,AEROUSDT,AERO,2009.0,1717.0,67.7,30.0,-14.5346,-4.3604,랭크아웃(Top3이탈),11,7.27,-14.53
2025-08-27,2025-08-28,FLOCKUSDT,FLOCK,457.0,353.0,98.7,30.0,-22.7571,-6.8271,스탑-20%,1,0.0,-22.76
2025-08-27,2025-08-31,SKLUSDT,SKL,39.16,42.4,40.76,30.0,8.2737,2.4821,트레일(최고27%->8%),4,26.94,-6.95
2025-08-28,2025-09-01,RLCUSDT,RLC,1971.0,1685.0,43.55,30.0,-14.5104,-4.3531,랭크아웃(Top3이탈),4,0.0,-15.73
2025-08-31,2025-09-02,SKLUSDT,SKL,42.4,41.84,47.53,30.0,-1.3208,-0.3962,랭크아웃(Top3이탈),2,3.73,-1.32
2025-09-02,2025-09-05,MERLUSDT,MERL,191.0,210.0,22.44,30.0,9.9476,2.9843,랭크아웃(Top3이탈),3,19.9,-0.0
2025-08-28,2025-09-08,FLOCKUSDT,FLOCK,353.0,369.0,51.5,30.0,4.5326,1.3598,랭크아웃(Top3이탈),11,17.56,-2.55
2025-09-05,2025-09-09,REDUSDT,RED,951.0,904.0,80.11,30.0,-4.9422,-1.4826,랭크아웃(Top3이탈),4,8.62,-5.57
2025-09-09,2025-09-10,FLOCKUSDT,FLOCK,587.0,526.0,132.94,30.0,-10.3918,-3.1175,랭크아웃(Top3이탈),1,0.0,-10.39
2025-09-01,2025-09-11,IPUSDT,IP,10610.0,13770.0,33.63,30.0,29.7832,8.935,트레일(최고45%->30%),10,44.67,-0.94
2025-09-08,2025-09-11,WLDUSDT,WLD,2073.0,2252.0,61.07,30.0,8.6348,2.5904,트레일(최고26%->9%),3,25.52,-0.0
2025-09-10,2025-09-11,REDUSDT,RED,900.0,842.0,67.29,30.0,-6.4444,-1.9333,랭크아웃(Top3이탈),1,0.0,-6.44
2025-09-11,2025-09-12,EPTUSDT,EPT,9.324,8.622,54.47,30.0,-7.529,-2.2587,랭크아웃(Top3이탈),1,0.0,-7.53
2025-09-12,2025-09-13,REDUSDT,RED,845.0,856.0,47.99,30.0,1.3018,0.3905,랭크아웃(Top3이탈),1,1.3,-0.0
2025-09-11,2025-09-14,IPUSDT,IP,13770.0,13530.0,67.82,30.0,-1.7429,-0.5229,랭크아웃(Top3이탈),3,0.0,-2.69
2025-09-13,2025-09-15,HUSDT,H,85.8,62.39,109.68,30.0,-27.2844,-8.1853,스탑-20%,2,0.0,-27.28
2025-09-14,2025-09-16,PEAQUSDT,PEAQ,165.0,134.0,70.0,30.0,-18.7879,-5.6364,랭크아웃(Top3이탈),2,0.0,-18.79
2025-09-15,2025-09-18,IPUSDT,IP,13390.0,14080.0,65.72,30.0,5.1531,1.5459,랭크아웃(Top3이탈),3,5.15,-0.0
2025-09-11,2025-09-20,WLDUSDT,WLD,2252.0,2138.0,66.2,30.0,-5.0622,-1.5187,랭크아웃(Top3이탈),9,0.53,-6.97
2025-09-20,2025-09-21,PEAQUSDT,PEAQ,162.0,172.0,84.89,30.0,6.1728,1.8519,랭크아웃(Top3이탈),1,6.17,-0.0
2025-09-21,2025-09-22,THEUSDT,THE,937.0,700.0,101.94,30.0,-25.2935,-7.588,스탑-20%,1,0.0,-25.29
2025-09-16,2025-09-23,HUSDT,H,64.18,69.23,60.53,30.0,7.8685,2.3605,트레일(최고30%->8%),7,30.1,-0.0
2025-09-23,2025-09-24,BLUEUSDT,BLUE,155.0,140.0,64.46,30.0,-9.6774,-2.9032,랭크아웃(Top3이탈),1,0.0,-9.68
2025-09-18,2025-09-25,MERLUSDT,MERL,276.0,407.0,76.92,30.0,47.4638,14.2391,트레일(최고72%->47%),7,72.46,-0.36
2025-09-22,2025-09-27,PEAQUSDT,PEAQ,162.0,137.0,93.69,30.0,-15.4321,-4.6296,랭크아웃(Top3이탈),5,4.32,-15.43
2025-09-24,2025-10-01,HUSDT,H,74.94,91.38,72.83,30.0,21.9376,6.5813,트레일(최고48%->22%),7,48.12,-3.06
2025-09-27,2025-10-03,BLUEUSDT,BLUE,194.0,168.0,112.42,30.0,-13.4021,-4.0206,랭크아웃(Top3이탈),6,14.43,-13.4
2025-10-03,2025-10-04,SOONUSDT,SOON,722.0,698.0,60.8,30.0,-3.3241,-0.9972,랭크아웃(Top3이탈),1,0.0,-3.32
2025-10-01,2025-10-05,AVLUSDT,AVL,360.0,360.0,75.61,30.0,0.0,0.0,랭크아웃(Top3이탈),4,2.5,-2.78
2025-10-05,2025-10-07,STATUSDT,STAT,219.0,194.0,85.59,30.0,-11.4155,-3.4247,랭크아웃(Top3이탈),2,0.0,-11.42
2025-10-04,2025-10-08,BLUEUSDT,BLUE,172.0,149.0,57.8,30.0,-13.3721,-4.0116,랭크아웃(Top3이탈),4,1.16,-13.37
2025-10-08,2025-10-09,LISTAUSDT,LISTA,796.0,630.0,108.38,30.0,-20.8543,-6.2563,스탑-20%,1,0.0,-20.85
2025-10-09,2025-10-10,LISTAUSDT,LISTA,630.0,610.0,69.81,30.0,-3.1746,-0.9524,랭크아웃(Top3이탈),1,0.0,-3.17
2025-10-10,2025-10-11,STATUSDT,STAT,192.0,169.0,58.68,30.0,-11.9792,-3.5937,랭크아웃(Top3이탈),1,0.0,-11.98
2025-09-25,2025-10-12,MERLUSDT,MERL,407.0,551.0,93.81,30.0,35.3808,10.6143,랭크아웃(Top3이탈),17,49.63,-0.74
2025-10-12,2025-10-13,LISTAUSDT,LISTA,619.0,575.0,49.52,30.0,-7.1082,-2.1325,랭크아웃(Top3이탈),1,0.0,-7.11
2025-10-13,2025-10-14,ALICEUSDT,ALICE,685.0,671.0,48.59,30.0,-2.0438,-0.6131,랭크아웃(Top3이탈),1,0.0,-2.04
2025-10-11,2025-10-15,HUSDT,H,114.0,221.0,36.9,30.0,93.8596,28.1579,트레일(최고122%->94%),4,121.93,-0.0
2025-10-07,2025-10-16,SOONUSDT,SOON,1155.0,1250.0,171.76,30.0,8.2251,2.4675,트레일(최고22%->8%),9,21.56,-0.0
2025-10-14,2025-10-16,TAOUSDT,TAO,660500.0,611000.0,48.03,30.0,-7.4943,-2.2483,랭크아웃(Top3이탈),2,0.0,-7.49
2025-10-15,2025-10-17,HUSDT,H,221.0,176.0,204.2,30.0,-20.362,-6.1086,스탑-20%,2,0.0,-20.36
2025-10-16,2025-10-18,BELUSDT,BEL,491.0,415.0,48.34,30.0,-15.4786,-4.6436,랭크아웃(Top3이탈),2,0.0,-15.48
2025-10-17,2025-10-20,HUSDT,H,176.0,209.0,139.88,30.0,18.75,5.625,트레일(최고35%->19%),3,35.23,-6.25
2025-10-18,2025-10-25,TAOUSDT,TAO,596500.0,579500.0,40.22,30.0,-2.85,-0.855,랭크아웃(Top3이탈),7,15.0,-4.11
2025-10-25,2025-10-26,LAUSDT,LA,679.0,649.0,29.33,30.0,-4.4183,-1.3255,랭크아웃(Top3이탈),1,0.0,-4.42
2025-10-16,2025-10-27,SOONUSDT,SOON,1250.0,1040.0,163.16,30.0,-16.8,-5.04,랭크아웃(Top3이탈),11,14.16,-16.8
2025-10-20,2025-10-28,HUSDT,H,209.0,444.0,102.91,30.0,112.4402,33.7321,트레일(최고144%->112%),8,144.02,-0.0
2025-10-26,2025-10-30,TAOUSDT,TAO,606500.0,631500.0,27.9,30.0,4.122,1.2366,랭크아웃(Top3이탈),4,8.24,-0.91
2025-10-30,2025-10-31,MORPHOUSDT,MORPHO,2930.0,2994.0,20.68,30.0,2.1843,0.6553,랭크아웃(Top3이탈),1,2.18,-0.0
2025-10-31,2025-11-02,TAOUSDT,TAO,719500.0,732000.0,52.08,30.0,1.7373,0.5212,랭크아웃(Top3이탈),2,4.17,-0.0
2025-11-02,2025-11-03,ZKUSDT,ZK,88.89,71.65,45.63,30.0,-19.3948,-5.8184,랭크아웃(Top3이탈),1,0.0,-19.39
2025-11-03,2025-11-04,TRUMPUSDT,TRUMP,11500.0,10960.0,21.56,30.0,-4.6957,-1.4087,랭크아웃(Top3이탈),1,0.0,-4.7
2025-11-04,2025-11-05,ICPUSDT,ICP,8340.0,7520.0,62.57,30.0,-9.8321,-2.9496,랭크아웃(Top3이탈),1,0.0,-9.83
2025-10-27,2025-11-06,VIRTUALUSDT,VIRTUAL,2156.0,1840.0,34.67,30.0,-14.6568,-4.397,랭크아웃(Top3이탈),10,18.04,-14.66
2025-10-28,2025-11-06,HUSDT,H,444.0,201.0,359.01,30.0,-54.7297,-16.4189,스탑-20%,9,2.25,-54.73
2025-11-05,2025-11-07,ZKUSDT,ZK,117.0,99.15,104.76,30.0,-15.2564,-4.5769,랭크아웃(Top3이탈),2,0.0,-15.26
2025-11-06,2025-11-09,ICPUSDT,ICP,10270.0,10830.0,122.29,30.0,5.4528,1.6358,트레일(최고26%->5%),3,26.29,-0.0
2025-11-07,2025-11-13,VIRTUALUSDT,VIRTUAL,2087.0,1907.0,81.16,30.0,-8.6248,-2.5874,랭크아웃(Top3이탈),6,2.01,-8.62
2025-11-09,2025-11-15,ICPUSDT,ICP,10830.0,7880.0,127.09,30.0,-27.2392,-8.1717,스탑-20%,6,0.0,-27.24
2025-11-06,2025-11-16,SOONUSDT,SOON,2026.0,2992.0,70.68,30.0,47.6802,14.304,트레일(최고98%->48%),10,97.73,-0.0
2025-11-13,2025-11-16,ZKUSDT,ZK,74.38,81.95,49.93,30.0,10.1775,3.0532,랭크아웃(Top3이탈),3,10.18,-0.0
2025-11-16,2025-11-18,SOONUSDT,SOON,2992.0,1877.0,187.69,30.0,-37.266,-11.1798,스탑-20%,2,0.0,-37.27
2025-11-16,2025-11-18,STRKUSDT,STRK,348.0,270.0,92.27,30.0,-22.4138,-6.7241,스탑-20%,2,0.0,-22.41
2025-11-18,2025-11-19,SOONUSDT,SOON,1877.0,1818.0,66.55,30.0,-3.1433,-0.943,랭크아웃(Top3이탈),1,0.0,-3.14
2025-11-19,2025-11-20,ZKUSDT,ZK,75.24,72.53,68.32,30.0,-3.6018,-1.0805,랭크아웃(Top3이탈),1,0.0,-3.6
2025-11-20,2025-11-21,GRASSUSDT,GRASS,889.0,606.0,75.0,30.0,-31.8335,-9.5501,스탑-20%,1,0.0,-31.83
2025-11-15,2025-11-22,ICPUSDT,ICP,7880.0,6245.0,63.66,30.0,-20.7487,-6.2246,스탑-20%,7,0.13,-20.75
2025-11-18,2025-11-22,STRKUSDT,STRK,270.0,257.0,52.54,30.0,-4.8148,-1.4444,트레일(최고41%->-5%),4,41.48,-4.81
2025-11-21,2025-11-22,HFTUSDT,HFT,86.75,61.68,29.54,30.0,-28.8991,-8.6697,스탑-20%,1,0.0,-28.9
2025-11-22,2025-11-23,0GUSDT,0G,1983.0,1920.0,35.73,30.0,-3.177,-0.9531,랭크아웃(Top3이탈),1,0.0,-3.18
2025-11-22,2025-11-23,MERLUSDT,MERL,553.0,522.0,20.22,30.0,-5.6058,-1.6817,랭크아웃(Top3이탈),1,0.0,-5.61
2025-11-23,2025-11-24,FETUSDT,FET,434.0,416.0,30.33,30.0,-4.1475,-1.2442,랭크아웃(Top3이탈),1,0.0,-4.15
2025-11-22,2025-11-25,STRKUSDT,STRK,257.0,201.0,44.38,30.0,-21.7899,-6.537,스탑-20%,3,0.0,-21.79
2025-11-24,2025-11-25,KITEUSDT,KITE,149.0,150.0,43.27,30.0,0.6711,0.2013,랭크아웃(Top3이탈),1,0.67,-0.0
2025-11-25,2025-11-26,WLFIUSDT,WLFI,236.0,238.0,34.09,30.0,0.8475,0.2542,랭크아웃(Top3이탈),1,0.85,-0.0
2025-11-25,2025-11-26,WAVESUSDT,WAVES,1268.0,1133.0,31.67,30.0,-10.6467,-3.194,랭크아웃(Top3이탈),1,0.0,-10.65
2025-11-23,2025-11-27,PARTIUSDT,PARTI,119.0,147.0,35.44,30.0,23.5294,7.0588,트레일(최고40%->24%),4,40.34,-0.0
2025-11-26,2025-11-27,STRKUSDT,STRK,217.0,219.0,40.0,30.0,0.9217,0.2765,랭크아웃(Top3이탈),1,0.92,-0.0
2025-11-27,2025-11-30,WLFIUSDT,WLFI,246.0,240.0,38.98,30.0,-2.439,-0.7317,랭크아웃(Top3이탈),3,0.41,-2.85
2025-11-30,2025-12-01,GLMUSDT,GLM,381.0,366.0,18.69,30.0,-3.937,-1.1811,랭크아웃(Top3이탈),1,0.0,-3.94
2025-12-01,2025-12-02,SOLVUSDT,SOLV,27.67,26.97,11.66,30.0,-2.5298,-0.7589,랭크아웃(Top3이탈),1,0.0,-2.53
2025-11-27,2025-12-04,PARTIUSDT,PARTI,147.0,179.0,47.86,30.0,21.7687,6.5306,트레일(최고35%->22%),7,35.37,-0.0
2025-11-26,2025-12-05,KITEUSDT,KITE,157.0,138.0,48.11,30.0,-12.1019,-3.6306,랭크아웃(Top3이탈),9,8.28,-12.1
2025-12-02,2025-12-06,A8USDT,A8,84.0,91.67,15.07,30.0,9.131,2.7393,트레일(최고36%->9%),4,35.71,-0.0
2025-12-05,2025-12-06,GRNDUSDT,GRND,47.29,48.65,24.12,30.0,2.8759,0.8628,랭크아웃(Top3이탈),1,2.88,-0.0
2025-12-06,2025-12-08,INUSDT,IN,149.0,129.0,37.96,30.0,-13.4228,-4.0268,랭크아웃(Top3이탈),2,0.0,-13.42
2025-12-08,2025-12-09,TEMCOUSDT,TEMCO,1.358,1.194,32.36,30.0,-12.0766,-3.623,랭크아웃(Top3이탈),1,0.0,-12.08
2025-12-09,2025-12-10,GUSDT,G,13.32,9.626,66.17,30.0,-27.7327,-8.3198,스탑-20%,1,0.0,-27.73
2025-12-04,2025-12-12,PARTIUSDT,PARTI,179.0,151.0,45.53,30.0,-15.6425,-4.6927,랭크아웃(Top3이탈),8,0.0,-15.64
2025-12-12,2025-12-15,TEMCOUSDT,TEMCO,1.353,1.167,36.67,30.0,-13.7472,-4.1242,랭크아웃(Top3이탈),3,0.0,-13.75
2025-12-15,2025-12-16,MERLUSDT,MERL,683.0,563.0,39.39,30.0,-17.5695,-5.2709,랭크아웃(Top3이탈),1,0.0,-17.57
2025-12-16,2025-12-17,TEMCOUSDT,TEMCO,1.235,1.212,24.68,30.0,-1.8623,-0.5587,랭크아웃(Top3이탈),1,0.0,-1.86
2025-12-06,2025-12-18,A8USDT,A8,91.67,69.32,43.3,30.0,-24.3809,-7.3143,스탑-20%,12,2.26,-24.38
2025-12-17,2025-12-18,MERLUSDT,MERL,602.0,561.0,40.0,30.0,-6.8106,-2.0432,랭크아웃(Top3이탈),1,0.0,-6.81
2025-12-18,2025-12-19,BARDUSDT,BARD,1390.0,1291.0,23.89,30.0,-7.1223,-2.1367,랭크아웃(Top3이탈),1,0.0,-7.12
2025-12-10,2025-12-20,GRNDUSDT,GRND,50.81,49.88,39.97,30.0,-1.8303,-0.5491,랭크아웃(Top3이탈),10,0.63,-4.49
2025-12-19,2025-12-20,THEUSDT,THE,282.0,280.0,21.55,30.0,-0.7092,-0.2128,랭크아웃(Top3이탈),1,0.0,-0.71
2025-12-20,2025-12-21,ANIMEUSDT,ANIME,12.31,10.51,30.62,30.0,-14.6223,-4.3867,랭크아웃(Top3이탈),1,0.0,-14.62
2025-12-18,2025-12-22,A8USDT,A8,69.32,74.0,37.65,30.0,6.7513,2.0254,랭크아웃(Top3이탈),4,6.75,-3.3
2025-12-20,2025-12-23,XPLAUSDT,XPLA,40.71,29.83,62.84,30.0,-26.7256,-8.0177,스탑-20%,3,0.0,-26.73
2025-12-21,2025-12-23,SWAPUSDT,SWAP,98.58,75.32,68.2,30.0,-23.595,-7.0785,스탑-20%,2,0.0,-23.6
2025-12-22,2025-12-23,BIOTUSDT,BIOT,0.8054,0.6406,37.7,30.0,-20.4619,-6.1386,스탑-20%,1,0.0,-20.46
2025-12-23,2025-12-25,TEMCOUSDT,TEMCO,1.258,1.226,39.78,30.0,-2.5437,-0.7631,랭크아웃(Top3이탈),2,0.0,-4.13
2025-12-25,2025-12-26,ZBTUSDT,ZBT,219.0,182.0,35.19,30.0,-16.895,-5.0685,랭크아웃(Top3이탈),1,0.0,-16.89
2025-12-23,2025-12-27,ANIMEUSDT,ANIME,13.57,11.35,39.47,30.0,-16.3596,-4.9079,랭크아웃(Top3이탈),4,3.61,-16.36
2025-12-26,2025-12-29,SYRUPUSDT,SYRUP,484.0,470.0,20.7,30.0,-2.8926,-0.8678,랭크아웃(Top3이탈),3,2.27,-2.89
2025-12-27,2025-12-31,SWAPUSDT,SWAP,76.46,71.22,29.59,30.0,-6.8533,-2.056,랭크아웃(Top3이탈),4,6.03,-6.85
2025-12-31,2026-01-01,TRACUSDT,TRAC,1039.0,640.0,40.22,30.0,-38.4023,-11.5207,스탑-20%,1,0.0,-38.4
2025-12-29,2026-01-02,ZBTUSDT,ZBT,237.0,210.0,48.12,30.0,-11.3924,-3.4177,랭크아웃(Top3이탈),4,0.0,-11.39
2026-01-01,2026-01-02,SYRUPUSDT,SYRUP,497.0,528.0,24.56,30.0,6.2374,1.8712,랭크아웃(Top3이탈),1,6.24,-0.0
2026-01-02,2026-01-03,XPLAUSDT,XPLA,34.15,31.05,44.76,30.0,-9.0776,-2.7233,랭크아웃(Top3이탈),1,0.0,-9.08
2026-01-03,2026-01-04,BIOTUSDT,BIOT,0.7799,0.7389,55.95,30.0,-5.2571,-1.5771,랭크아웃(Top3이탈),1,0.0,-5.26
2025-12-23,2026-01-06,HUSDT,H,257.0,229.0,97.69,30.0,-10.8949,-3.2685,랭크아웃(Top3이탈),14,0.0,-13.62
2026-01-04,2026-01-06,PEPEUSDT,PEPE,0.0101,0.0099,60.32,30.0,-1.9802,-0.5941,랭크아웃(Top3이탈),2,0.0,-1.98
2026-01-06,2026-01-07,AGIUSDT,AGI,37.44,31.82,88.14,30.0,-15.0107,-4.5032,랭크아웃(Top3이탈),1,0.0,-15.01
2026-01-07,2026-01-08,XPLAUSDT,XPLA,32.23,30.49,80.36,30.0,-5.3987,-1.6196,랭크아웃(Top3이탈),1,0.0,-5.4
2026-01-02,2026-01-09,PIEVERSEUSDT,PIEVERSE,826.0,1065.0,50.18,30.0,28.9346,8.6804,트레일(최고52%->29%),7,52.3,-0.0
2026-01-06,2026-01-09,XCNUSDT,XCN,16.09,12.66,124.56,30.0,-21.3176,-6.3953,스탑-20%,3,0.0,-21.32
2026-01-08,2026-01-10,BIOTUSDT,BIOT,0.8083,0.7768,78.83,30.0,-3.8971,-1.1691,랭크아웃(Top3이탈),2,0.0,-3.9
2026-01-09,2026-01-10,PIEVERSEUSDT,PIEVERSE,1065.0,800.0,83.94,30.0,-24.8826,-7.4648,스탑-20%,1,0.0,-24.88
2026-01-10,2026-01-11,IRYSUSDT,IRYS,77.38,73.45,60.31,30.0,-5.0788,-1.5236,랭크아웃(Top3이탈),1,0.0,-5.08
2026-01-10,2026-01-12,ZBTUSDT,ZBT,181.0,170.0,60.18,30.0,-6.0773,-1.8232,랭크아웃(Top3이탈),2,0.0,-6.08
2026-01-11,2026-01-13,MEVUSDT,MEV,7.221,5.882,80.62,30.0,-18.5431,-5.5629,랭크아웃(Top3이탈),2,0.0,-18.54
2026-01-12,2026-01-15,IPUSDT,IP,4059.0,4165.0,86.11,30.0,2.6115,0.7834,트레일(최고31%->3%),3,31.07,-0.0
2026-01-13,2026-01-15,GLMUSDT,GLM,524.0,443.0,75.84,30.0,-15.458,-4.6374,랭크아웃(Top3이탈),2,0.0,-15.46
2026-01-15,2026-01-16,IPUSDT,IP,4165.0,3847.0,95.82,30.0,-7.6351,-2.2905,랭크아웃(Top3이탈),1,0.0,-7.64
2026-01-16,2026-01-17,ESUSDT,ES,221.0,220.0,78.23,30.0,-0.4525,-0.1357,랭크아웃(Top3이탈),1,0.0,-0.45
2026-01-09,2026-01-19,XCNUSDT,XCN,12.66,10.86,80.91,30.0,-14.218,-4.2654,랭크아웃(Top3이탈),10,6.56,-14.22
2026-01-15,2026-01-19,BTRUSDT,BTR,68.91,90.95,79.17,30.0,31.9837,9.5951,트레일(최고51%->32%),4,50.92,-0.0
2026-01-19,2026-01-20,HOMEUSDT,HOME,43.86,45.34,71.93,30.0,3.3744,1.0123,랭크아웃(Top3이탈),1,3.37,-0.0
2026-01-20,2026-01-23,IRYSUSDT,IRYS,66.35,80.81,76.98,30.0,21.7935,6.5381,랭크아웃(Top3이탈),3,21.79,-0.0
2026-01-19,2026-01-24,BTRUSDT,BTR,90.95,95.25,94.5,30.0,4.7279,1.4184,트레일(최고23%->5%),5,23.14,-0.0
2026-01-17,2026-01-25,AXSUSDT,AXS,3068.0,3173.0,140.06,30.0,3.4224,1.0267,트레일(최고43%->3%),8,42.57,-16.53
2026-01-23,2026-01-25,MEVUSDT,MEV,8.568,8.35,107.26,30.0,-2.5444,-0.7633,랭크아웃(Top3이탈),2,11.86,-2.54
2026-01-25,2026-01-29,ENSOUSDT,ENSO,2261.0,1790.0,122.54,30.0,-20.8315,-6.2494,스탑-20%,4,0.0,-20.83
2026-01-29,2026-01-30,STABLEUSDT,STABLE,38.68,36.96,77.35,30.0,-4.4467,-1.334,랭크아웃(Top3이탈),1,0.0,-4.45
2026-01-30,2026-02-01,ENSOUSDT,ENSO,2387.0,1745.0,137.75,30.0,-26.8957,-8.0687,스탑-20%,2,0.0,-26.9
2026-01-25,2026-02-02,AXSUSDT,AXS,3173.0,2455.0,126.64,30.0,-22.6284,-6.7885,스탑-20%,8,15.35,-22.63
2026-01-24,2026-02-04,BTRUSDT,BTR,95.25,105.0,103.22,30.0,10.2362,3.0709,트레일(최고119%->10%),11,119.42,-0.0
2026-02-02,2026-02-05,STABLEUSDT,STABLE,45.88,33.74,114.49,30.0,-26.4603,-7.9381,스탑-20%,3,0.0,-26.46
2026-02-05,2026-02-08,POKTUSDT,POKT,27.12,22.78,45.18,30.0,-16.0029,-4.8009,랭크아웃(Top3이탈),3,5.72,-16.0
2026-02-01,2026-02-09,ENSOUSDT,ENSO,1745.0,1877.0,80.27,30.0,7.5645,2.2693,트레일(최고20%->8%),8,20.46,-6.13
2026-02-08,2026-02-09,BTRUSDT,BTR,132.0,135.0,45.13,30.0,2.2727,0.6818,랭크아웃(Top3이탈),1,2.27,-0.0
2026-02-04,2026-02-10,KITEUSDT,KITE,215.0,258.0,56.93,30.0,20.0,6.0,랭크아웃(Top3이탈),6,24.19,-5.58
2026-02-10,2026-02-11,GUSDT,G,11.3,6.301,77.39,30.0,-44.2389,-13.2717,스탑-20%,1,0.0,-44.24
2026-02-09,2026-02-12,POKTUSDT,POKT,24.18,23.34,38.17,30.0,-3.4739,-1.0422,랭크아웃(Top3이탈),3,15.34,-3.47
2026-02-09,2026-02-13,ENSOUSDT,ENSO,1877.0,1720.0,119.28,30.0,-8.3644,-2.5093,랭크아웃(Top3이탈),4,0.43,-8.84
2026-02-13,2026-02-14,POKTUSDT,POKT,23.82,24.19,30.59,30.0,1.5533,0.466,랭크아웃(Top3이탈),1,1.55,-0.0
2026-02-14,2026-02-16,HUSDT,H,303.0,297.0,27.85,30.0,-1.9802,-0.5941,랭크아웃(Top3이탈),2,13.86,-1.98
2026-02-16,2026-02-17,STABLEUSDT,STABLE,41.71,37.78,33.56,30.0,-9.4222,-2.8267,랭크아웃(Top3이탈),1,0.0,-9.42
2026-02-17,2026-02-18,HUSDT,H,289.0,262.0,35.05,30.0,-9.3426,-2.8028,랭크아웃(Top3이탈),1,0.0,-9.34
2026-02-12,2026-02-19,BTRUSDT,BTR,218.0,267.0,115.84,30.0,22.4771,6.7431,트레일(최고38%->22%),7,37.61,-0.0
2026-02-18,2026-02-20,PARTIUSDT,PARTI,156.0,148.0,33.33,30.0,-5.1282,-1.5385,랭크아웃(Top3이탈),2,0.0,-5.13
2026-02-11,2026-02-21,KITEUSDT,KITE,257.0,331.0,54.82,30.0,28.7938,8.6381,트레일(최고57%->29%),10,57.2,-0.0
2026-02-20,2026-02-21,EPTUSDT,EPT,2.033,1.863,42.67,30.0,-8.362,-2.5086,랭크아웃(Top3이탈),1,0.0,-8.36
2026-02-19,2026-02-22,ALLOUSDT,ALLO,158.0,173.0,41.07,30.0,9.4937,2.8481,트레일(최고28%->9%),3,27.85,-0.0
2026-02-22,2026-02-24,ALLOUSDT,ALLO,173.0,136.0,73.09,30.0,-21.3873,-6.4162,스탑-20%,2,0.0,-21.39
2026-02-21,2026-02-25,ENSOUSDT,ENSO,2828.0,2797.0,62.06,30.0,-1.0962,-0.3289,트레일(최고37%->-1%),4,36.78,-1.1
2026-02-21,2026-02-26,KITEUSDT,KITE,331.0,368.0,55.4,30.0,11.1782,3.3535,랭크아웃(Top3이탈),5,22.66,-0.0
2026-02-25,2026-03-02,ALLOUSDT,ALLO,166.0,156.0,92.69,30.0,-6.0241,-1.8072,랭크아웃(Top3이탈),5,3.61,-6.02
2026-02-26,2026-03-02,STABLEUSDT,STABLE,48.79,47.98,74.87,30.0,-1.6602,-0.4981,랭크아웃(Top3이탈),4,7.73,-6.6
2026-03-02,2026-03-03,DEXEUSDT,DEXE,5100.0,5195.0,67.27,30.0,1.8627,0.5588,랭크아웃(Top3이탈),1,1.86,-0.0
2026-02-24,2026-03-04,BTRUSDT,BTR,274.0,269.0,160.95,30.0,-1.8248,-0.5474,랭크아웃(Top3이탈),8,1.09,-5.84
2026-03-02,2026-03-04,GRASSUSDT,GRASS,464.0,429.0,75.09,30.0,-7.5431,-2.2629,랭크아웃(Top3이탈),2,0.0,-7.54
2026-03-04,2026-03-05,DEXEUSDT,DEXE,5240.0,5210.0,63.34,30.0,-0.5725,-0.1718,랭크아웃(Top3이탈),1,0.0,-0.57
2026-03-03,2026-03-06,SAHARAUSDT,SAHARA,42.49,35.46,94.55,30.0,-16.5451,-4.9635,랭크아웃(Top3이탈),3,0.0,-16.55
2026-03-04,2026-03-06,MORPHOUSDT,MORPHO,2821.0,2643.0,74.35,30.0,-6.3098,-1.8929,랭크아웃(Top3이탈),2,2.84,-6.31
2026-03-05,2026-03-07,BARDUSDT,BARD,2182.0,1741.0,86.82,30.0,-20.2108,-6.0632,스탑-20%,2,0.0,-20.21
2026-03-07,2026-03-08,BARDUSDT,BARD,1741.0,1600.0,48.42,30.0,-8.0988,-2.4296,랭크아웃(Top3이탈),1,0.0,-8.1
2026-03-08,2026-03-09,KITEUSDT,KITE,442.0,415.0,44.44,30.0,-6.1086,-1.8326,랭크아웃(Top3이탈),1,0.0,-6.11
2026-03-06,2026-03-14,SIGNUSDT,SIGN,72.48,69.66,71.63,30.0,-3.8907,-1.1672,랭크아웃(Top3이탈),8,9.89,-10.18
2026-03-14,2026-03-15,COSUSDT,COS,3.504,2.667,133.6,30.0,-23.887,-7.1661,스탑-20%,1,0.0,-23.89
2026-03-06,2026-03-16,DEXEUSDT,DEXE,5340.0,7650.0,54.51,30.0,43.2584,12.9775,랭크아웃(Top3이탈),10,46.44,-1.03
2026-03-15,2026-03-16,COSUSDT,COS,2.667,2.389,81.43,30.0,-10.4237,-3.1271,랭크아웃(Top3이탈),1,0.0,-10.42
2026-03-16,2026-03-17,TAOUSDT,TAO,430900.0,402900.0,74.03,30.0,-6.498,-1.9494,랭크아웃(Top3이탈),1,0.0,-6.5
2026-03-17,2026-03-18,DEXEUSDT,DEXE,7930.0,8010.0,70.5,30.0,1.0088,0.3026,랭크아웃(Top3이탈),1,1.01,-0.0
2026-03-09,2026-03-19,GRASSUSDT,GRASS,497.0,559.0,69.62,30.0,12.4748,3.7425,트레일(최고30%->12%),10,29.98,-0.0
2026-03-18,2026-03-19,SAHARAUSDT,SAHARA,37.07,40.18,74.53,30.0,8.3895,2.5169,랭크아웃(Top3이탈),1,8.39,-0.0
2026-03-19,2026-03-20,XANUSDT,XAN,21.0,17.69,112.12,30.0,-15.7619,-4.7286,랭크아웃(Top3이탈),1,0.0,-15.76
2026-03-19,2026-03-20,DEXEUSDT,DEXE,9250.0,9080.0,80.66,30.0,-1.8378,-0.5514,랭크아웃(Top3이탈),1,0.0,-1.84
2026-03-20,2026-03-21,GRASSUSDT,GRASS,561.0,569.0,90.17,30.0,1.426,0.4278,랭크아웃(Top3이탈),1,1.43,-0.0
2026-03-20,2026-03-23,AKTUSDT,AKT,814.0,857.0,89.74,30.0,5.2826,1.5848,랭크아웃(Top3이탈),3,12.16,-0.0
2026-03-23,2026-03-24,PEAQUSDT,PEAQ,48.08,27.24,119.64,30.0,-43.3444,-13.0033,스탑-20%,1,0.0,-43.34
2026-03-16,2026-03-25,SIGNUSDT,SIGN,60.08,63.22,78.28,30.0,5.2264,1.5679,트레일(최고30%->5%),9,30.01,-1.76
2026-03-24,2026-03-27,TAOUSDT,TAO,462900.0,497400.0,66.57,30.0,7.453,2.2359,랭크아웃(Top3이탈),3,15.36,-0.0
2026-03-27,2026-03-28,COSUSDT,COS,2.39,2.233,91.05,30.0,-6.569,-1.9707,랭크아웃(Top3이탈),1,0.0,-6.57
2026-03-28,2026-03-29,TAOUSDT,TAO,481700.0,476700.0,84.84,30.0,-1.038,-0.3114,랭크아웃(Top3이탈),1,0.0,-1.04
2026-03-25,2026-03-30,DAOUSDT,DAO,104.0,82.69,109.42,30.0,-20.4904,-6.1471,스탑-20%,5,18.27,-20.49
2026-03-29,2026-03-31,FETUSDT,FET,357.0,346.0,66.82,30.0,-3.0812,-0.9244,랭크아웃(Top3이탈),2,0.84,-3.08
2026-03-30,2026-03-31,SOLVUSDT,SOLV,14.47,10.93,104.29,30.0,-24.4644,-7.3393,스탑-20%,1,0.0,-24.46
2026-03-31,2026-04-01,SKLUSDT,SKL,15.39,11.14,57.56,30.0,-27.6153,-8.2846,스탑-20%,1,0.0,-27.62
2026-03-21,2026-04-03,DEXEUSDT,DEXE,9035.0,12290.0,86.98,30.0,36.0266,10.808,랭크아웃(Top3이탈),13,36.03,-0.0
2026-03-31,2026-04-03,SOLVUSDT,SOLV,10.93,13.48,58.47,30.0,23.3303,6.9991,랭크아웃(Top3이탈),3,26.72,-0.0
2026-04-01,2026-04-03,SWAPUSDT,SWAP,103.0,106.0,81.69,30.0,2.9126,0.8738,트레일(최고38%->3%),2,37.86,-0.0
2026-04-03,2026-04-04,SWAPUSDT,SWAP,106.0,88.35,85.96,30.0,-16.6509,-4.9953,랭크아웃(Top3이탈),1,0.0,-16.65
2026-04-03,2026-04-04,DUSDT,D,17.28,15.02,58.82,30.0,-13.0787,-3.9236,랭크아웃(Top3이탈),1,0.0,-13.08
2026-04-03,2026-04-05,ONGUSDT,ONG,145.0,138.0,65.15,30.0,-4.8276,-1.4483,랭크아웃(Top3이탈),2,2.76,-4.83
2026-04-04,2026-04-07,DAOUSDT,DAO,85.09,75.25,70.01,30.0,-11.5642,-3.4693,랭크아웃(Top3이탈),3,0.0,-11.56
2026-04-04,2026-04-08,DEXEUSDT,DEXE,13630.0,12120.0,79.34,30.0,-11.0785,-3.3236,랭크아웃(Top3이탈),4,0.0,-11.08
2026-04-08,2026-04-09,DAOUSDT,DAO,76.64,76.56,49.69,30.0,-0.1044,-0.0313,랭크아웃(Top3이탈),1,0.0,-0.1
2026-04-05,2026-04-10,DUSDT,D,19.71,15.6,89.7,30.0,-20.8524,-6.2557,스탑-20%,5,0.0,-20.85
2026-04-09,2026-04-10,ZBTUSDT,ZBT,162.0,162.0,52.83,30.0,0.0,0.0,랭크아웃(Top3이탈),1,0.0,-0.0
2026-04-10,2026-04-11,DEXEUSDT,DEXE,14500.0,14240.0,60.49,30.0,-1.7931,-0.5379,랭크아웃(Top3이탈),1,0.0,-1.79
2026-04-11,2026-04-12,ZBTUSDT,ZBT,164.0,154.0,59.22,30.0,-6.0976,-1.8293,랭크아웃(Top3이탈),1,0.0,-6.1
2026-04-10,2026-04-13,DUSDT,D,15.6,12.76,76.37,30.0,-18.2051,-5.4615,랭크아웃(Top3이탈),3,0.0,-18.21
2026-04-13,2026-04-14,IRYSUSDT,IRYS,45.19,46.17,50.13,30.0,2.1686,0.6506,랭크아웃(Top3이탈),1,2.17,-0.0
2026-04-14,2026-04-16,DUSDT,D,13.64,16.09,61.73,30.0,17.9619,5.3886,트레일(최고38%->18%),2,37.83,-0.0
2026-04-12,2026-04-17,ENJUSDT,ENJ,60.86,101.0,88.25,30.0,65.9547,19.7864,트레일(최고99%->66%),5,98.82,-0.0
2026-04-07,2026-04-18,SOLVUSDT,SOLV,11.77,11.07,65.26,30.0,-5.9473,-1.7842,랭크아웃(Top3이탈),11,12.66,-5.95
2026-04-16,2026-04-18,BIOUSDT,BIO,55.91,40.81,122.39,30.0,-27.0077,-8.1023,스탑-20%,2,0.0,-27.01
2026-04-18,2026-04-19,HIGHUSDT,HIGH,611.0,460.0,245.2,30.0,-24.7136,-7.4141,스탑-20%,1,0.0,-24.71
2026-04-18,2026-04-19,ALICEUSDT,ALICE,310.0,237.0,97.45,30.0,-23.5484,-7.0645,스탑-20%,1,0.0,-23.55
2026-04-19,2026-04-20,BLURUSDT,BLUR,52.53,47.15,101.42,30.0,-10.2418,-3.0725,랭크아웃(Top3이탈),1,0.0,-10.24
2026-04-20,2026-04-21,IRYSUSDT,IRYS,53.26,47.02,87.21,30.0,-11.7161,-3.5148,랭크아웃(Top3이탈),1,0.0,-11.72
2026-04-21,2026-04-22,XIONUSDT,XION,271.0,246.0,90.85,30.0,-9.2251,-2.7675,랭크아웃(Top3이탈),1,0.0,-9.23
2026-04-19,2026-04-23,HIGHUSDT,HIGH,460.0,362.0,148.65,30.0,-21.3043,-6.3913,스탑-20%,4,0.0,-21.3
2026-04-22,2026-04-23,PIEVERSEUSDT,PIEVERSE,1447.0,1336.0,83.63,30.0,-7.671,-2.3013,랭크아웃(Top3이탈),1,0.0,-7.67
2026-04-23,2026-04-24,HIGHUSDT,HIGH,362.0,322.0,79.21,30.0,-11.0497,-3.3149,랭크아웃(Top3이탈),1,0.0,-11.05
2026-04-23,2026-04-25,SPKUSDT,SPK,80.4,58.25,162.06,30.0,-27.5498,-8.2649,스탑-20%,2,0.0,-27.55
2026-04-25,2026-04-26,SPKUSDT,SPK,58.25,55.52,91.99,30.0,-4.6867,-1.406,랭크아웃(Top3이탈),1,0.0,-4.69
2026-04-24,2026-04-27,SPURSUSDT,SPURS,533.0,419.0,116.67,30.0,-21.3884,-6.4165,스탑-20%,3,0.0,-21.39
2026-04-26,2026-04-27,ZBTUSDT,ZBT,285.0,252.0,91.28,30.0,-11.5789,-3.4737,랭크아웃(Top3이탈),1,0.0,-11.58
2026-04-27,2026-04-28,SPKUSDT,SPK,52.84,54.86,77.55,30.0,3.8229,1.1469,랭크아웃(Top3이탈),1,3.82,-0.0
2026-04-17,2026-04-29,ENJUSDT,ENJ,101.0,84.7,234.66,30.0,-16.1386,-4.8416,랭크아웃(Top3이탈),12,0.0,-18.86
2026-04-28,2026-04-30,HUSDT,H,248.0,254.0,96.83,30.0,2.4194,0.7258,랭크아웃(Top3이탈),2,11.69,-0.0
2026-04-29,2026-04-30,ORCAUSDT,ORCA,2505.0,2223.0,91.37,30.0,-11.2575,-3.3772,랭크아웃(Top3이탈),1,0.0,-11.26
2026-04-30,2026-05-01,ENJUSDT,ENJ,80.78,82.1,87.69,30.0,1.6341,0.4902,랭크아웃(Top3이탈),1,1.63,-0.0
2026-04-27,2026-05-02,GRNDUSDT,GRND,47.31,47.79,99.79,30.0,1.0146,0.3044,랭크아웃(Top3이탈),5,13.93,-0.0
2026-04-30,2026-05-03,BIOUSDT,BIO,59.95,85.41,121.05,30.0,42.4687,12.7406,트레일(최고59%->42%),3,59.02,-0.0
2026-05-02,2026-05-04,HUSDT,H,277.0,293.0,99.28,30.0,5.7762,1.7329,랭크아웃(Top3이탈),2,5.78,-0.0
2026-05-04,2026-05-05,ZBTUSDT,ZBT,324.0,278.0,106.37,30.0,-14.1975,-4.2593,랭크아웃(Top3이탈),1,0.0,-14.2
2026-05-01,2026-05-06,ORCAUSDT,ORCA,2923.0,2236.0,119.77,30.0,-23.5033,-7.051,스탑-20%,5,6.09,-23.5
2026-05-03,2026-05-06,BIOUSDT,BIO,85.41,71.36,221.82,30.0,-16.4501,-4.935,랭크아웃(Top3이탈),3,0.0,-16.45
2026-05-06,2026-05-07,HUSDT,H,294.0,296.0,78.18,30.0,0.6803,0.2041,랭크아웃(Top3이탈),1,0.68,-0.0
2026-05-07,2026-05-08,HIGHUSDT,HIGH,301.0,317.0,75.0,30.0,5.3156,1.5947,랭크아웃(Top3이탈),1,5.32,-0.0
2026-05-05,2026-05-09,CRTSUSDT,CRTS,0.1972,0.1864,92.39,30.0,-5.4767,-1.643,랭크아웃(Top3이탈),4,1.47,-5.48
2026-05-08,2026-05-09,NILUSDT,NIL,105.0,95.88,76.12,30.0,-8.6857,-2.6057,랭크아웃(Top3이탈),1,0.0,-8.69
2026-05-09,2026-05-10,HUSDT,H,290.0,299.0,88.31,30.0,3.1034,0.931,랭크아웃(Top3이탈),1,3.1,-0.0
2026-05-06,2026-05-11,B3USDT,B3,1.129,1.824,142.38,30.0,61.5589,18.4677,트레일(최고101%->62%),5,100.53,-0.0
2026-05-09,2026-05-11,RSS3USDT,RSS3,18.22,16.39,105.25,30.0,-10.0439,-3.0132,랭크아웃(Top3이탈),2,0.0,-10.04
2026-05-10,2026-05-11,BIOUSDT,BIO,80.88,73.16,100.2,30.0,-9.545,-2.8635,랭크아웃(Top3이탈),1,0.0,-9.55
2026-05-11,2026-05-12,OSMOUSDT,OSMO,157.0,99.18,225.46,30.0,-36.828,-11.0484,스탑-20%,1,0.0,-36.83
2026-05-11,2026-05-13,HUSDT,H,341.0,343.0,121.43,30.0,0.5865,0.176,랭크아웃(Top3이탈),2,14.37,-0.0
2026-05-13,2026-05-15,SAHARAUSDT,SAHARA,64.71,55.13,103.55,30.0,-14.8045,-4.4414,랭크아웃(Top3이탈),2,0.0,-14.8
2026-05-15,2026-05-16,IRYSUSDT,IRYS,100.0,79.62,103.96,30.0,-20.38,-6.114,스탑-20%,1,0.0,-20.38
2026-05-16,2026-05-17,RSS3USDT,RSS3,14.66,14.7,69.13,30.0,0.2729,0.0819,랭크아웃(Top3이탈),1,0.27,-0.0
2026-05-11,2026-05-18,B3USDT,B3,1.824,1.41,274.15,30.0,-22.6974,-6.8092,스탑-20%,7,0.16,-22.7
2026-05-17,2026-05-18,HUSDT,H,360.0,372.0,72.25,30.0,3.3333,1.0,랭크아웃(Top3이탈),1,3.33,-0.0
2026-05-18,2026-05-19,KITEUSDT,KITE,350.0,342.0,65.09,30.0,-2.2857,-0.6857,랭크아웃(Top3이탈),1,0.0,-2.29
2026-05-19,2026-05-20,SAHARAUSDT,SAHARA,54.93,52.4,65.7,30.0,-4.6059,-1.3818,랭크아웃(Top3이탈),1,0.0,-4.61
2026-05-20,2026-05-21,KITEUSDT,KITE,342.0,337.0,62.09,30.0,-1.462,-0.4386,랭크아웃(Top3이탈),1,0.0,-1.46
2026-05-21,2026-05-22,PEAQUSDT,PEAQ,47.39,49.25,80.88,30.0,3.9249,1.1775,랭크아웃(Top3이탈),1,3.92,-0.0
2026-05-22,2026-05-23,BOBUSDT,BOB,16.08,12.43,93.53,30.0,-22.699,-6.8097,스탑-20%,1,0.0,-22.7
2026-05-12,2026-05-24,OSMOUSDT,OSMO,99.18,81.77,106.02,30.0,-17.5539,-5.2662,랭크아웃(Top3이탈),12,15.95,-17.55
2026-05-24,2026-05-25,PEAQUSDT,PEAQ,47.15,48.69,86.58,30.0,3.2662,0.9799,랭크아웃(Top3이탈),1,3.27,-0.0
2026-05-18,2026-05-26,B3USDT,B3,1.41,1.246,261.35,30.0,-11.6312,-3.4894,랭크아웃(Top3이탈),8,2.98,-11.63
2026-05-23,2026-05-27,NEARUSDT,NEAR,3276.0,3755.0,73.89,30.0,14.6215,4.3864,트레일(최고28%->15%),4,28.11,-0.0
2026-05-25,2026-05-27,NILUSDT,NIL,119.0,106.0,101.49,30.0,-10.9244,-3.2773,랭크아웃(Top3이탈),2,0.0,-10.92
2026-05-27,2026-05-29,OSMOUSDT,OSMO,88.52,78.2,85.73,30.0,-11.6584,-3.4975,랭크아웃(Top3이탈),2,0.0,-11.66
2026-05-26,2026-05-30,PEAQUSDT,PEAQ,50.3,43.61,98.58,30.0,-13.3002,-3.9901,랭크아웃(Top3이탈),4,0.0,-16.16
2026-05-29,2026-06-01,ALLOUSDT,ALLO,386.0,266.0,149.03,30.0,-31.0881,-9.3264,스탑-20%,3,3.63,-31.09
2026-05-30,2026-06-02,HUSDT,H,508.0,971.0,69.9,30.0,91.1417,27.3425,트레일(최고124%->91%),3,124.21,-0.0
2026-05-27,2026-06-03,HOMEUSDT,HOME,35.9,60.43,77.37,30.0,68.3287,20.4986,트레일(최고112%->68%),7,112.34,-0.0
2026-06-01,2026-06-04,GNOUSDT,GNO,472800.0,604500.0,147.28,30.0,27.8553,8.3566,트레일(최고57%->28%),3,56.51,-0.0
2026-06-04,2026-06-05,GNOUSDT,GNO,604500.0,481700.0,226.4,30.0,-20.3143,-6.0943,스탑-20%,1,0.0,-20.31
2026-06-05,2026-06-06,GNOUSDT,GNO,481700.0,509500.0,166.13,30.0,5.7712,1.7314,랭크아웃(Top3이탈),1,5.77,-0.0
2026-06-03,2026-06-07,HOMEUSDT,HOME,60.43,51.55,144.95,30.0,-14.6947,-4.4084,트레일(최고24%->-15%),4,23.73,-14.69
2026-06-06,2026-06-07,ALLOUSDT,ALLO,614.0,456.0,375.97,30.0,-25.7329,-7.7199,스탑-20%,1,0.0,-25.73
2026-06-02,2026-06-08,HUSDT,H,971.0,1013.0,183.09,30.0,4.3254,1.2976,트레일(최고23%->4%),6,22.55,-9.68
2026-06-08,2026-06-09,HUSDT,H,1013.0,213.0,165.18,30.0,-78.9733,-23.692,스탑-20%,1,0.0,-78.97
2026-06-07,2026-06-10,ALLOUSDT,ALLO,456.0,606.0,270.73,30.0,32.8947,9.8684,트레일(최고49%->33%),3,48.9,-0.0
2026-06-07,2026-06-19,GNOUSDT,GNO,465200.0,366400.0,167.82,30.0,-21.2382,-6.3715,스탑-20%,12,2.67,-21.24
2026-06-10,2026-06-20,ALLOUSDT,ALLO,606.0,600.0,377.17,30.0,-0.9901,-0.297,랭크아웃(Top3이탈),10,3.14,-11.88
2026-06-19,2026-06-21,GNOUSDT,GNO,366400.0,365400.0,115.91,30.0,-0.2729,-0.0819,랭크아웃(Top3이탈),2,0.0,-4.18
2026-06-09,2026-06-22,WLDUSDT,WLD,798.0,957.0,121.05,30.0,19.9248,5.9774,랭크아웃(Top3이탈),13,23.06,-10.03
2026-06-20,2026-06-22,BICOUSDT,BICO,62.61,57.3,84.8,30.0,-8.4811,-2.5443,트레일(최고27%->-8%),2,27.01,-8.48
2026-06-22,2026-06-23,TAIKOUSDT,TAIKO,292.0,200.0,95.97,30.0,-31.5068,-9.4521,스탑-20%,1,0.0,-31.51
2026-06-22,2026-06-24,BELUSDT,BEL,312.0,217.0,118.18,30.0,-30.4487,-9.1346,스탑-20%,2,0.0,-30.45
2026-06-24,2026-06-25,TAIKOUSDT,TAIKO,228.0,200.0,62.86,30.0,-12.2807,-3.6842,랭크아웃(Top3이탈),1,0.0,-12.28
2026-06-21,2026-06-26,ALLOUSDT,ALLO,586.0,624.0,120.3,30.0,6.4846,1.9454,랭크아웃(Top3이탈),5,11.26,-0.17
2026-06-25,2026-06-28,BELUSDT,BEL,239.0,173.0,83.85,30.0,-27.6151,-8.2845,스탑-20%,3,4.18,-27.62
2026-06-26,2026-06-28,IDUSDT,ID,59.17,52.15,62.02,30.0,-11.8641,-3.5592,랭크아웃(Top3이탈),2,0.27,-11.86
2026-06-28,2026-06-29,MANTAUSDT,MANTA,220.0,129.0,91.3,30.0,-41.3636,-12.4091,스탑-20%,1,0.0,-41.36
2026-06-28,2026-06-29,AEROUSDT,AERO,734.0,703.0,43.08,30.0,-4.2234,-1.267,랭크아웃(Top3이탈),1,0.0,-4.22
2026-06-29,2026-06-30,GUSDT,G,5.967,4.982,52.92,30.0,-16.5075,-4.9522,랭크아웃(Top3이탈),1,0.0,-16.51
2026-06-23,2026-07-01,MMTUSDT,MMT,301.0,237.0,68.16,30.0,-21.2625,-6.3787,스탑-20%,8,0.0,-21.26
2026-06-29,2026-07-01,INUSDT,IN,186.0,99.73,75.47,30.0,-46.3817,-13.9145,스탑-20%,2,63.44,-46.38
2026-06-30,2026-07-01,KAITOUSDT,KAITO,884.0,883.0,39.21,30.0,-0.1131,-0.0339,랭크아웃(Top3이탈),1,0.0,-0.11
2026-07-01,2026-07-02,DYDXUSDT,DYDX,285.0,206.0,60.11,30.0,-27.7193,-8.3158,스탑-20%,1,0.0,-27.72
2026-07-01,2026-07-02,ZBTUSDT,ZBT,231.0,209.0,50.98,30.0,-9.5238,-2.8571,랭크아웃(Top3이탈),1,0.0,-9.52
2026-07-02,2026-07-03,JTOUSDT,JTO,1139.0,1138.0,38.9,30.0,-0.0878,-0.0263,랭크아웃(Top3이탈),1,0.0,-0.09
2026-07-02,2026-07-05,AEROUSDT,AERO,772.0,854.0,42.96,30.0,10.6218,3.1865,랭크아웃(Top3이탈),3,13.08,-0.0
2026-07-03,2026-07-05,GRASSUSDT,GRASS,845.0,799.0,41.3,30.0,-5.4438,-1.6331,랭크아웃(Top3이탈),2,0.0,-5.44
2026-07-01,2026-07-06,TAIKOUSDT,TAIKO,211.0,183.0,63.57,30.0,-13.2701,-3.981,랭크아웃(Top3이탈),5,3.32,-13.27
2026-07-05,2026-07-06,XANUSDT,XAN,19.43,17.34,36.93,30.0,-10.7566,-3.227,랭크아웃(Top3이탈),1,0.0,-10.76
2026-07-05,2026-07-07,IDUSDT,ID,57.82,58.21,38.76,30.0,0.6745,0.2024,랭크아웃(Top3이탈),2,3.75,-0.0
2026-07-06,2026-07-08,BELUSDT,BEL,197.0,157.0,60.16,30.0,-20.3046,-6.0914,스탑-20%,2,0.0,-20.3
2026-07-07,2026-07-08,BLURUSDT,BLUR,36.36,28.18,33.82,30.0,-22.4972,-6.7492,스탑-20%,1,0.0,-22.5
2026-07-08,2026-07-09,RPLUSDT,RPL,2771.0,2771.0,31.95,30.0,0.0,0.0,랭크아웃(Top3이탈),1,0.0,-0.0
2026-07-08,2026-07-10,KAITOUSDT,KAITO,958.0,934.0,32.69,30.0,-2.5052,-0.7516,랭크아웃(Top3이탈),2,4.8,-2.51
2026-07-10,2026-07-11,SKLUSDT,SKL,8.158,7.093,33.58,30.0,-13.0547,-3.9164,랭크아웃(Top3이탈),1,0.0,-13.05
2026-07-09,2026-07-12,TAIKOUSDT,TAIKO,177.0,175.0,40.48,30.0,-1.1299,-0.339,랭크아웃(Top3이탈),3,3.39,-1.13
2026-07-06,2026-07-13,DEXEUSDT,DEXE,42430.0,60400.0,52.13,30.0,42.3521,12.7056,트레일(최고64%->42%),7,64.39,-0.35
2026-07-12,2026-07-13,TUSDT,T,7.749,7.083,40.99,30.0,-8.5947,-2.5784,랭크아웃(Top3이탈),1,0.0,-8.59
2026-07-13,2026-07-15,SAFEUSDT,SAFE,167.0,151.0,34.68,30.0,-9.5808,-2.8743,랭크아웃(Top3이탈),2,0.0,-9.58
2026-07-13,2026-07-16,DEXEUSDT,DEXE,60400.0,48290.0,79.33,30.0,-20.0497,-6.0149,스탑-20%,3,0.0,-20.05
2026-07-15,2026-07-16,XECUSDT,XEC,0.01,0.0093,31.58,30.0,-7.0,-2.1,랭크아웃(Top3이탈),1,0.0,-7.0
2026-07-16,2026-07-17,PUMPUSDT,PUMP,2.412,2.462,29.47,30.0,2.073,0.6219,랭크아웃(Top3이탈),1,2.07,-0.0
2026-07-11,2026-07-18,KAITOUSDT,KAITO,983.0,1214.0,38.65,30.0,23.4995,7.0498,랭크아웃(Top3이탈),7,36.83,-0.71
2026-07-16,2026-07-19,DEXEUSDT,DEXE,48290.0,48320.0,38.53,30.0,0.0621,0.0186,랭크아웃(Top3이탈),3,9.44,-0.0
2026-07-17,2026-07-20,XECUSDT,XEC,0.0121,0.0114,55.13,30.0,-5.7851,-1.7355,랭크아웃(Top3이탈),3,18.18,-5.79
2026-07-20,2026-07-21,ACEUSDT,ACE,187.0,140.0,73.15,30.0,-25.1337,-7.5401,스탑-20%,1,0.0,-25.13
2026-07-18,2026-07-23,ALLOUSDT,ALLO,672.0,731.0,47.37,30.0,8.7798,2.6339,랭크아웃(Top3이탈),5,8.78,-2.53
2026-07-23,2026-07-24,PUMPUSDT,PUMP,2.906,2.906,31.55,30.0,0.0,0.0,랭크아웃(Top3이탈),1,0.0,-0.0
2026-07-24,2026-07-25,ALLOUSDT,ALLO,682.0,518.0,29.17,30.0,-24.0469,-7.2141,스탑-20%,1,0.0,-24.05
2026-07-21,2026-07-26,XECUSDT,XEC,0.0102,0.0112,32.47,30.0,9.8039,2.9412,랭크아웃(Top3이탈),5,10.78,-0.0
2026-07-25,2026-07-27,EULUSDT,EUL,2308.0,2571.0,49.0,30.0,11.3951,3.4185,트레일(최고41%->11%),2,40.81,-0.0
2026-07-26,2026-07-27,LAUSDT,LA,105.0,109.0,16.11,30.0,3.8095,1.1429,랭크아웃(Top3이탈),1,3.81,-0.0
2026-07-27,2026-07-28,THQUSDT,THQ,26.07,20.74,34.87,30.0,-20.445,-6.1335,스탑-20%,1,0.0,-20.44
2026-07-28,2026-07-29,SOONUSDT,SOON,412.0,306.0,65.46,30.0,-25.7282,-7.7184,스탑-20%,1,0.0,-25.73
2026-07-27,2026-07-31,EULUSDT,EUL,2571.0,1917.0,67.71,30.0,-25.4376,-7.6313,스탑-20%,4,0.0,-25.44
2026-07-19,2026-08-02,KAITOUSDT,KAITO,1359.0,1527.0,57.47,30.0,12.362,3.7086,트레일(최고35%->12%),14,35.25,-0.0
2026-07-31,2026-08-02,EULUSDT,EUL,1917.0,2089.0,28.92,30.0,8.9724,2.6917,랭크아웃(Top3이탈),2,18.88,-0.0
2026-07-29,2026-08-03,COTIUSDT,COTI,22.9,16.2,90.83,30.0,-29.2576,-8.7773,스탑-20%,5,5.28,-29.26
2026-08-02,2026-08-03,KAITOUSDT,KAITO,1527.0,1370.0,55.34,30.0,-10.2816,-3.0845,랭크아웃(Top3이탈),1,0.0,-10.28
2026-08-03,2026-08-04,EULUSDT,EUL,2184.0,2035.0,45.6,30.0,-6.8223,-2.0467,랭크아웃(Top3이탈),1,0.0,-6.82
2026-08-02,2026-08-05,ENSOUSDT,ENSO,1306.0,1289.0,50.63,30.0,-1.3017,-0.3905,랭크아웃(Top3이탈),3,0.08,-2.14
2026-08-04,2026-08-05,METUSDT,MET,229.0,234.0,41.36,30.0,2.1834,0.655,랭크아웃(Top3이탈),1,2.18,-0.0
2026-08-03,2026-08-07,COTIUSDT,COTI,16.2,18.0,42.61,30.0,11.1111,3.3333,트레일(최고35%->11%),4,35.25,-0.0
2026-08-05,2026-08-07,HFTUSDT,HFT,23.03,20.67,78.94,30.0,-10.2475,-3.0743,트레일(최고85%->-10%),2,84.8,-10.25
2026-08-07,2026-08-08,HFTUSDT,HFT,20.67,17.36,65.36,30.0,-16.0135,-4.8041,랭크아웃(Top3이탈),1,0.0,-16.01
2026-08-05,2026-08-09,BICOUSDT,BICO,33.05,60.72,65.75,30.0,83.7216,25.1165,트레일(최고136%->84%),4,136.01,-0.0
2026-08-08,2026-08-09,ACEUSDT,ACE,177.0,172.0,80.1,30.0,-2.8249,-0.8475,랭크아웃(Top3이탈),1,0.0,-2.82
2026-08-07,2026-08-10,COTIUSDT,COTI,18.0,16.13,67.44,30.0,-10.3889,-3.1167,랭크아웃(Top3이탈),3,0.0,-10.39
2026-08-10,2026-08-11,ENSOUSDT,ENSO,1394.0,1343.0,46.58,30.0,-3.6585,-1.0976,랭크아웃(Top3이탈),1,0.0,-3.66
2026-08-09,2026-08-12,BICOUSDT,BICO,60.72,48.13,207.44,30.0,-20.7345,-6.2204,스탑-20%,3,0.0,-20.73
2026-08-11,2026-08-12,COOKIEUSDT,COOKIE,20.26,17.12,66.07,30.0,-15.4985,-4.6496,랭크아웃(Top3이탈),1,0.0,-15.5
2026-08-12,2026-08-13,HOMEUSDT,HOME,13.21,15.46,49.21,30.0,17.0326,5.1098,랭크아웃(Top3이탈),1,17.03,-0.0
2026-08-12,2026-08-14,BICOUSDT,BICO,48.13,35.52,143.2,30.0,-26.1999,-7.86,스탑-20%,2,0.0,-26.2
2026-08-13,2026-08-14,COTIUSDT,COTI,16.77,15.45,59.41,30.0,-7.8712,-2.3614,랭크아웃(Top3이탈),1,0.0,-7.87
2026-08-14,2026-08-15,ACEUSDT,ACE,407.0,247.0,213.08,30.0,-39.312,-11.7936,스탑-20%,1,0.0,-39.31
2026-08-14,2026-08-18,BICOUSDT,BICO,35.52,28.07,84.9,30.0,-20.9741,-6.2922,스탑-20%,4,1.35,-20.97
